3.100000000E-1;-5.666865868E1;1.307483648E1;1.016249823E-1;-6.292070167E-2
3.200000000E-1;-5.666829042E1;1.307432434E1;5.419892864E-2;-1.923045806E-2
3.300000000E-1;-5.666757470E1;1.307445187E1;-1.935773280E-2;5.882020501E-4
3.400000000E-1;-5.666867757E1;1.307433610E1;-4.096403297E-2;-1.630846569E-2
3.500000000E-1;-5.666839398E1;1.307412570E1;-8.198737653E-3;-6.529573781E-2
3.600000000E-1;-5.666884155E1;1.307303019E1;-4.609678807E-3;-5.723649876E-3
3.700000000E-1;-5.666848617E1;1.307401123E1;-3.442605162E-2;1.408861172E-1
3.800000000E-1;-5.666953007E1;1.307584791E1;-5.336853142E-2;6.351804663E-2
3.900000000E-1;-5.666955354E1;1.307528159E1;4.335859529E-2;-8.290365842E-2
4.000000000E-1;-5.666866290E1;1.307418984E1;4.055358005E-1;-1.770868711E-1
4.100000000E-1;-5.666144283E1;1.307173985E1;1.850276416E0;-6.859295962E-1
4.200000000E-1;-5.663165737E1;1.306047125E1;4.830898586E0;-1.650087929E0
4.300000000E-1;-5.656482486E1;1.303873809E1;6.609869822E0;-3.257434336E0
4.400000000E-1;-5.649945997E1;1.299532256E1;7.595870775E0;-4.947357203E0
4.500000000E-1;-5.641290744E1;1.293979095E1;1.045117364E1;-6.791933030E0
4.600000000E-1;-5.629043650E1;1.285948390E1;1.236534145E1;-8.239171361E0
4.700000000E-1;-5.616560061E1;1.277500752E1;1.428384349E1;-9.215896063E0
4.800000000E-1;-5.600475963E1;1.267516598E1;1.684180657E1;-1.087054712E1
4.900000000E-1;-5.582876448E1;1.255759658E1;1.778952498E1;-1.204728011E1
5.000000000E-1;-5.564896913E1;1.243422037E1;2.125294319E1;-1.282923545E1
5.100000000E-1;-5.540370562E1;1.230101187E1;2.645759946E1;-1.323819297E1
5.200000000E-1;-5.511981714E1;1.216945651E1;2.861305339E1;-1.387733537E1
5.300000000E-1;-5.483144455E1;1.202346516E1;2.833856925E1;-1.570728599E1
5.400000000E-1;-5.455304575E1;1.185531079E1;3.017923126E1;-1.610796673E1
5.500000000E-1;-5.422785992E1;1.170130583E1;3.438498948E1;-1.594106403E1
5.600000000E-1;-5.386534596E1;1.153648951E1;3.540605607E1;-1.767028030E1
5.700000000E-1;-5.351973880E1;1.134790022E1;3.696763558E1;-1.823872896E1
5.800000000E-1;-5.312599325E1;1.117171494E1;3.952770599E1;-1.928832604E1
5.900000000E-1;-5.272918468E1;1.096213370E1;4.122486972E1;-1.998619726E1
6.000000000E-1;-5.230149586E1;1.077199099E1;4.354372610E1;-1.982937219E1
6.100000000E-1;-5.185831016E1;1.056554625E1;4.463124827E1;-2.179207947E1
6.200000000E-1;-5.140887089E1;1.033614940E1;4.765506356E1;-2.131159548E1
6.300000000E-1;-5.090520889E1;1.013931435E1;5.056679038E1;-2.038971454E1
6.400000000E-1;-5.039753509E1;9.928355110E0;5.194881321E1;-2.250771745E1
6.500000000E-1;-4.986623263E1;9.689159996E0;5.342272367E1;-2.401907724E1
6.600000000E-1;-4.932908061E1;9.447973565E0;5.495231932E1;-2.415576837E1
6.700000000E-1;-4.876718624E1;9.206044629E0;5.785056178E1;-2.472637956E1
6.800000000E-1;-4.817206938E1;8.953445974E0;6.096258360E1;-2.509994120E1
6.900000000E-1;-4.754793457E1;8.704045805E0;6.187099869E1;-2.488641534E1
7.000000000E-1;-4.693464940E1;8.455717667E0;6.269692293E1;-2.534542816E1
7.100000000E-1;-4.629399611E1;8.197137242E0;6.554196108E1;-2.510929597E1
7.200000000E-1;-4.562381018E1;7.953531747E0;6.851074937E1;-2.514458627E1
7.300000000E-1;-4.492378112E1;7.694245516E0;6.954698843E1;-2.546417028E1
7.400000000E-1;-4.423287041E1;7.444248342E0;7.191966083E1;-2.507091484E1
7.500000000E-1;-4.348538790E1;7.192827219E0;7.434589390E1;-2.499034675E1
7.600000000E-1;-4.274595253E1;6.944441407E0;7.353717818E1;-2.489506702E1
7.700000000E-1;-4.201464434E1;6.694925879E0;7.526537613E1;-2.510911459E1
7.800000000E-1;-4.124064501E1;6.442259115E0;7.795197875E1;-2.504083102E1
7.900000000E-1;-4.045560477E1;6.194109258E0;7.783668040E1;-2.358444269E1
8.000000000E-1;-3.968391140E1;5.970570261E0;7.892915805E1;-1.151188640E1
8.100000000E-1;-3.887702160E1;5.963871531E0;7.999007321E1;7.568086801E-1
8.200000000E-1;-3.808410994E1;5.985706435E0;8.829259930E1;-3.556848806E1
8.300000000E-1;-3.711116962E1;5.252501769E0;9.059441100E1;-5.003196356E1
8.400000000E-1;-3.627222172E1;4.985067164E0;8.701763651E1;-2.527159925E1
8.500000000E-1;-3.537081689E1;4.747069785E0;9.096019385E1;-2.254640576E1
8.600000000E-1;-3.445301784E1;4.534139049E0;9.146411546E1;-1.956015697E1
8.700000000E-1;-3.354153458E1;4.355866645E0;9.175363496E1;-1.865016052E1
8.800000000E-1;-3.261794514E1;4.161135838E0;9.244838583E1;-1.787770287E1
8.900000000E-1;-3.169256686E1;3.998312588E0;9.445077449E1;-1.694683868E1
9.000000000E-1;-3.072892965E1;3.822199065E0;9.635908280E1;-1.708734192E1
9.100000000E-1;-2.976538521E1;3.656565749E0;9.601075821E1;-1.448615605E1
9.200000000E-1;-2.880871449E1;3.532475944E0;9.659684005E1;-1.224866382E1
9.300000000E-1;-2.783344841E1;3.411592473E0;9.709733448E1;-1.153328329E1
9.400000000E-1;-2.686676780E1;3.301810278E0;9.766533695E1;-1.097921690E1
9.500000000E-1;-2.588014167E1;3.192008135E0;9.897574967E1;-1.082784220E1
9.600000000E-1;-2.488725281E1;3.085253434E0;9.900521426E1;-1.003222505E1
9.700000000E-1;-2.390003738E1;2.991363634E0;9.949370165E1;-8.550588169E0
9.800000000E-1;-2.289737877E1;2.914241670E0;9.968440348E1;-6.994878233E0
9.900000000E-1;-2.190634931E1;2.851466069E0;9.785339271E1;-6.370337738E0
1.000000000E0;-2.094031092E1;2.786834916E0;9.633643226E1;7.994261579E-1
1.010000000E0;-1.997962067E1;2.867454593E0;9.383461644E1;2.022916484E1
1.020000000E0;-1.906361859E1;3.191418213E0;1.023717388E2;-1.030198635E1
1.030000000E0;-1.793218589E1;2.661414866E0;1.070963507E2;-2.987954537E1
1.040000000E0;-1.692169158E1;2.593827305E0;1.027541757E2;-4.163022814E0
1.050000000E0;-1.587710238E1;2.578154409E0;1.026879827E2;-1.259460195E0
1.060000000E0;-1.486793192E1;2.568638101E0;9.926109091E1;-4.091564510E-1
1.070000000E0;-1.389188056E1;2.569971280E0;9.862270386E1;-1.548290343E0
1.080000000E0;-1.289547784E1;2.537672294E0;1.001189947E2;-2.093797789E0
1.090000000E0;-1.188950066E1;2.528095325E0;1.000780162E2;-3.069514679E-1
1.100000000E0;-1.089391752E1;2.531533265E0;1.000193995E2;1.008048587E0
1.110000000E0;-9.889112673E0;2.548256296E0;1.006216571E2;1.403611573E0
1.120000000E0;-8.881484379E0;2.559605496E0;9.823593975E1;1.326978092E0
1.130000000E0;-7.924393878E0;2.574795858E0;9.776473923E1;1.496246783E0
1.140000000E0;-6.926189595E0;2.589530432E0;9.858091378E1;8.621602101E-1
1.150000000E0;-5.952775603E0;2.592039062E0;9.786554663E1;1.342753062E0
1.160000000E0;-4.968878662E0;2.616385493E0;9.717220016E1;1.978159249E0
1.170000000E0;-4.009331600E0;2.631602247E0;9.715993367E1;1.004578333E0
1.180000000E0;-3.025679989E0;2.636477060E0;9.658814027E1;1.079226971E0
1.190000000E0;-2.077568794E0;2.653186787E0;9.216005889E1;2.765973432E0
1.200000000E0;-1.182478811E0;2.691796529E0;9.068022321E1;2.353280031E1
1.210000000E0;-2.639643301E-1;3.123842793E0;1.015369232E2;1.427129116E0
1.220000000E0;8.482596530E-1;2.720339111E0;1.026254740E2;-2.521597157E1
1.230000000E0;1.788545149E0;2.619523362E0;9.660787427E1;-5.335470453E0
1.240000000E0;2.780417138E0;2.613629702E0;9.893359558E1;-1.012061656E0
1.250000000E0;3.767217061E0;2.599282128E0;9.800603294E1;-1.878938369E0
1.260000000E0;4.740537797E0;2.576050934E0;9.674346276E1;-2.158596590E0
1.270000000E0;5.702086316E0;2.556110197E0;9.685738106E1;-1.102917588E0
1.280000000E0;6.677685418E0;2.553992583E0;9.696220028E1;5.647131828E-1
1.290000000E0;7.641330322E0;2.567404460E0;9.541183774E1;4.460939885E-1
1.300000000E0;8.585922173E0;2.562914463E0;9.559924709E1;-2.667938627E-1
1.310000000E0;9.553315264E0;2.562068583E0;9.592144433E1;-4.878698893E-1
1.320000000E0;1.050435106E1;2.553157065E0;9.452603565E1;-1.709992154E0
1.330000000E0;1.144383598E1;2.527868740E0;9.577427548E1;-1.106810142E0
1.340000000E0;1.241983657E1;2.531020862E0;9.589313604E1;7.249712748E-1
1.350000000E0;1.336169870E1;2.542368165E0;9.483066248E1;1.378401834E0
1.360000000E0;1.431644982E1;2.558588899E0;9.525941254E1;1.600892613E0
1.370000000E0;1.526688695E1;2.574386018E0;9.445436278E1;1.559447578E0
1.380000000E0;1.620553707E1;2.589777850E0;9.334975139E1;1.797214288E0
1.390000000E0;1.713388198E1;2.610330303E0;9.206544256E1;2.080197869E0
1.400000000E0;1.804684593E1;2.631381807E0;8.488988221E1;1.796557762E1
1.410000000E0;1.883167962E1;2.969641856E0;8.262690537E1;2.809888202E1
1.420000000E0;1.969938403E1;3.193359448E0;1.022955457E2;-8.534670062E0
1.430000000E0;2.087759053E1;2.798948455E0;1.033180843E2;-2.123665862E1
1.440000000E0;2.176574572E1;2.768626275E0;9.168375978E1;1.620278863E0
1.450000000E0;2.271126573E1;2.831354032E0;9.213555597E1;5.161686870E0
1.460000000E0;2.360845684E1;2.871860013E0;8.971831466E1;5.953737135E0
1.470000000E0;2.450563202E1;2.950428775E0;9.026833843E1;7.451514890E0
1.480000000E0;2.541382361E1;3.020890311E0;9.038849756E1;8.891490394E0
1.490000000E0;2.631340197E1;3.128258582E0;8.971636710E1;8.637830433E0
1.500000000E0;2.720815095E1;3.193646919E0;8.902486850E1;8.999658460E0
1.510000000E0;2.809389934E1;3.308251752E0;8.716858113E1;1.170806815E1
1.520000000E0;2.895152257E1;3.427808282E0;8.566512526E1;1.149882503E1
1.530000000E0;2.980720185E1;3.538228252E0;8.427543618E1;1.374896639E1
1.540000000E0;3.063703130E1;3.702787610E0;8.301611937E1;1.596730362E1
1.550000000E0;3.146752424E1;3.857574325E0;8.222199505E1;1.565992943E1
1.560000000E0;3.228147120E1;4.015986199E0;8.006244155E1;1.573642238E1
1.570000000E0;3.306877307E1;4.172302772E0;7.791395381E1;1.545979365E1
1.580000000E0;3.383975027E1;4.325182072E0;7.675817060E1;1.591840468E1
1.590000000E0;3.460393648E1;4.490670866E0;7.540357501E1;1.789398034E1
1.600000000E0;3.534782177E1;4.683061678E0;7.251025016E1;1.964924525E1
1.610000000E0;3.605414148E1;4.883655771E0;6.961892868E1;2.213601436E1
1.620000000E0;3.674020035E1;5.125781966E0;6.764580747E1;2.168289277E1
1.630000000E0;3.740705763E1;5.317313626E0;6.700143620E1;1.769962627E1
1.640000000E0;3.808022907E1;5.479774491E0;6.615346620E1;1.712138489E1
1.650000000E0;3.873012696E1;5.659741324E0;6.464413235E1;1.802397363E1
1.660000000E0;3.937311172E1;5.840253964E0;6.420518134E1;1.842836525E1
1.670000000E0;4.001423058E1;6.028308629E0;6.356447366E1;1.905091861E1
1.680000000E0;4.064440119E1;6.221272336E0;6.323676752E1;1.969854646E1
1.690000000E0;4.127896593E1;6.422279558E0;6.014691210E1;2.093719926E1
1.700000000E0;4.184733943E1;6.640016321E0;5.462301003E1;1.955596910E1
1.710000000E0;4.237142613E1;6.813398940E0;5.169923805E1;1.935028830E1
1.720000000E0;4.288132419E1;7.027022087E0;5.115118040E1;1.946878112E1
1.730000000E0;4.339444974E1;7.202774563E0;5.029255047E1;1.779156120E1
1.740000000E0;4.388717520E1;7.382853311E0;4.594231415E1;1.903021785E1
1.750000000E0;4.431329602E1;7.583378920E0;4.444097847E1;1.772161495E1
1.760000000E0;4.477599477E1;7.737285610E0;4.394855921E1;1.535812598E1
1.770000000E0;4.519226721E1;7.890541440E0;4.030331833E1;1.525768310E1
1.780000000E0;4.558206114E1;8.042439272E0;3.856340106E1;1.513629588E1
1.790000000E0;4.596353523E1;8.193267357E0;3.696553685E1;1.399537198E1
1.800000000E0;4.632137188E1;8.322346711E0;3.389850292E1;1.300894308E1
1.810000000E0;4.664150529E1;8.453446219E0;3.205010423E1;1.240930079E1
1.820000000E0;4.696237396E1;8.570532727E0;3.080979165E1;1.209491522E1
1.830000000E0;4.725770112E1;8.695344523E0;2.783997552E1;1.250540747E1
1.840000000E0;4.751917347E1;8.820640877E0;2.549504949E1;1.238539869E1
1.850000000E0;4.776760211E1;8.943052497E0;2.296414692E1;1.081645903E1
1.860000000E0;4.797845641E1;9.036970057E0;2.097137587E1;9.015221634E0
1.870000000E0;4.818702963E1;9.123356930E0;2.000533670E1;8.561224593E0
1.880000000E0;4.837856314E1;9.208194549E0;1.811950782E1;7.412698277E0
1.890000000E0;4.854941979E1;9.271610895E0;1.496585263E1;6.923727004E0
1.900000000E0;4.867788020E1;9.346669089E0;1.272645440E1;5.379277522E0
1.910000000E0;4.880394887E1;9.379196446E0;1.143823461E1;3.610897891E0
1.920000000E0;4.890664489E1;9.418887047E0;7.354740048E0;4.650077413E0
1.930000000E0;4.895104367E1;9.472197994E0;5.762327500E0;3.379787171E0
1.940000000E0;4.902189144E1;9.486482790E0;5.753257213E0;1.522693465E0
1.950000000E0;4.906610882E1;9.502651863E0;2.433012827E0;9.498806476E-1
1.960000000E0;4.907055169E1;9.505480403E0;8.797687308E-2;1.955164793E-2
1.970000000E0;4.906786836E1;9.503042896E0;-8.292623704E-1;-5.633173631E-1
1.980000000E0;4.905396645E1;9.494214056E0;-4.420103167E0;-8.533656380E-1
1.990000000E0;4.897946629E1;9.485975583E0;-6.549092910E0;-2.337245368E0
2.000000000E0;4.892298459E1;9.447469149E0;-7.335466476E0;-3.888769074E0
2.010000000E0;4.883275696E1;9.408200202E0;-1.085554910E1;-4.422230765E0
2.020000000E0;4.870587361E1;9.359024533E0;-1.280076420E1;-5.762045080E0
2.030000000E0;4.857674168E1;9.292959300E0;-1.405011821E1;-7.165689861E0
2.040000000E0;4.842487124E1;9.215710736E0;-1.520760460E1;-8.949846277E0
2.050000000E0;4.827258959E1;9.113962375E0;-1.886181787E1;-8.402198063E0
2.060000000E0;4.804763489E1;9.047666775E0;-2.253762887E1;-8.168184024E0
2.070000000E0;4.782183701E1;8.950598694E0;-2.235983831E1;-1.093087272E1
2.080000000E0;4.760043812E1;8.829049320E0;-2.316553908E1;-1.220931647E1
2.090000000E0;4.735852623E1;8.706412365E0;-2.677321517E1;-1.212461712E1
2.100000000E0;4.706497382E1;8.586556978E0;-3.020627631E1;-1.337114139E1
2.110000000E0;4.675440070E1;8.438989537E0;-3.171111497E1;-1.460402103E1
2.120000000E0;4.643075152E1;8.294476558E0;-3.250633179E1;-1.432581797E1
2.130000000E0;4.610427407E1;8.152473178E0;-3.527086319E1;-1.406790090E1
2.140000000E0;4.572533425E1;8.013118540E0;-3.836657714E1;-1.438982321E1
2.150000000E0;4.533694252E1;7.864676713E0;-3.915623480E1;-1.518552295E1
2.160000000E0;4.494220956E1;7.709408081E0;-4.007836012E1;-1.708133620E1
2.170000000E0;4.453537532E1;7.523049989E0;-4.382766984E1;-1.839171141E1
2.180000000E0;4.406565616E1;7.341573853E0;-4.553008416E1;-1.716727327E1
2.190000000E0;4.362477364E1;7.179704524E0;-4.645391740E1;-1.825923766E1
2.200000000E0;4.313657781E1;6.976389099E0;-4.971528575E1;-1.913583798E1
2.210000000E0;4.263046792E1;6.796987764E0;-5.139448141E1;-1.758821004E1
2.220000000E0;4.210868818E1;6.624624898E0;-5.236006993E1;-1.911902899E1
2.230000000E0;4.158326652E1;6.414607184E0;-5.554040715E1;-2.030004684E1
2.240000000E0;4.099788004E1;6.218623962E0;-5.846336709E1;-2.074929066E1
2.250000000E0;4.041399918E1;5.999621371E0;-5.931958507E1;-2.010004574E1
2.260000000E0;3.981148834E1;5.816623047E0;-6.107320212E1;-1.976501680E1
2.270000000E0;3.919253514E1;5.604321035E0;-6.185347575E1;-2.017153217E1
2.280000000E0;3.857441882E1;5.413192403E0;-6.214169137E1;-2.003293341E1
2.290000000E0;3.794970131E1;5.203662367E0;-6.300710516E1;-1.974033298E1
2.300000000E0;3.731427672E1;5.018385744E0;-6.507870665E1;-1.764800661E1
2.310000000E0;3.664812718E1;4.850702235E0;-6.928100704E1;-1.878129283E1
2.320000000E0;3.592865658E1;4.642759887E0;-6.965227252E1;-1.919968170E1
2.330000000E0;3.525508173E1;4.466708601E0;-7.083499244E1;-1.679583805E1
2.340000000E0;3.451195673E1;4.306843126E0;-7.325981388E1;-1.504121938E1
2.350000000E0;3.378988545E1;4.165884214E0;-7.254621829E1;-1.423299395E1
2.360000000E0;3.306103237E1;4.022183247E0;-7.458813447E1;-1.413126004E1
2.370000000E0;3.229812276E1;3.883259013E0;-7.714691138E1;-1.367932938E1
2.380000000E0;3.151809414E1;3.748596659E0;-7.811278298E1;-1.350493870E1
2.390000000E0;3.073586710E1;3.613160239E0;-7.832062249E1;-1.313269127E1
2.400000000E0;2.995168169E1;3.485942834E0;-7.872672981E1;-1.230043900E1
2.410000000E0;2.916133251E1;3.367151459E0;-7.884408729E1;-9.789128918E0
2.420000000E0;2.837479994E1;3.290160256E0;-7.900902936E1;-9.240340815E0
2.430000000E0;2.758115192E1;3.182344643E0;-7.918542560E1;-9.019259243E0
2.440000000E0;2.679109143E1;3.109775071E0;-8.100217849E1;-8.043449610E0
2.450000000E0;2.596110835E1;3.021475650E0;-8.193732885E1;-7.198870841E0
2.460000000E0;2.515234485E1;2.965797654E0;-8.184327352E1;-7.184189956E0
2.470000000E0;2.432424288E1;2.877791851E0;-8.241906844E1;-6.526339823E0
2.480000000E0;2.350396348E1;2.835270857E0;-8.207346806E1;-4.203922676E0
2.490000000E0;2.268277352E1;2.793713398E0;-8.387777984E1;-4.914500323E0
2.500000000E0;2.182640789E1;2.736980851E0;-8.265489388E1;-2.070834810E0
2.510000000E0;2.102967564E1;2.752296701E0;-8.408278991E1;1.016231146E1
2.520000000E0;2.014475209E1;2.940227080E0;-8.996311421E1;1.627507485E1
2.530000000E0;1.923041336E1;3.077798199E0;-8.680628509E1;-1.246263579E1
2.540000000E0;1.840862639E1;2.690974364E0;-8.074014227E1;-2.293174598E1
2.550000000E0;1.761561051E1;2.619163279E0;-8.052095644E1;-4.718289203E0
2.560000000E0;1.679820726E1;2.596608580E0;-8.313775133E1;-1.684644027E0
2.570000000E0;1.595285548E1;2.585470398E0;-8.450000149E1;-9.337024545E-1
2.580000000E0;1.510820723E1;2.577934531E0;-8.405478452E1;-1.235999618E0
2.590000000E0;1.427175979E1;2.560750406E0;-8.244722399E1;-1.528033492E0
2.600000000E0;1.345926275E1;2.547373861E0;-8.413386300E1;-1.158802705E0
2.610000000E0;1.258908253E1;2.537574352E0;-8.439300950E1;-1.114537118E0
2.620000000E0;1.177140256E1;2.525083119E0;-8.414830018E1;-6.904485688E-1
2.630000000E0;1.090611653E1;2.523765380E0;-8.408730803E1;-4.594578657E-1
2.640000000E0;1.008965640E1;2.515893962E0;-8.359418174E1;-1.595724420E-1
2.650000000E0;9.234232895E0;2.520573932E0;-8.396196878E1;-3.075999533E-1
2.660000000E0;8.410417023E0;2.509741963E0;-8.291579835E1;-2.347550066E-1
2.670000000E0;7.575916928E0;2.515878832E0;-8.312144301E1;-3.579991290E-1
2.680000000E0;6.747988163E0;2.502581980E0;-8.213513498E1;1.261649198E0
2.690000000E0;5.933214228E0;2.541111815E0;-8.339174583E1;2.093346622E0
2.700000000E0;5.080153246E0;2.544448913E0;-8.378103381E1;2.597269167E-1
2.710000000E0;4.257593552E0;2.546306354E0;-8.247008546E1;1.345928177E-1
2.720000000E0;3.430751537E0;2.547140769E0;-8.321133021E1;4.509637333E-1
2.730000000E0;2.593366948E0;2.555325628E0;-8.237185305E1;1.438907536E0
2.740000000E0;1.783314476E0;2.575918920E0;-7.920864009E1;5.076948182E0
2.750000000E0;1.009194146E0;2.656864592E0;-8.367777520E1;2.478319823E1
2.760000000E0;1.097589725E-1;3.071582884E0;-8.691176142E1;3.297381788E0
2.770000000E0;-7.290410822E-1;2.722812228E0;-8.010405139E1;-2.239570523E1
2.780000000E0;-1.492322055E0;2.623668779E0;-7.692932405E1;-7.043628380E0
2.790000000E0;-2.267627563E0;2.581939660E0;-7.921892663E1;-2.655703547E0
2.800000000E0;-3.076700588E0;2.570554708E0;-8.207757080E1;-1.215082138E0
2.810000000E0;-3.909178979E0;2.557638018E0;-8.170941622E1;-1.562791003E0
2.820000000E0;-4.710888912E0;2.539298888E0;-8.024479308E1;-1.954432321E0
2.830000000E0;-5.514074841E0;2.518549371E0;-8.129001208E1;-1.602144365E0
2.840000000E0;-6.336689154E0;2.507256001E0;-8.242024139E1;-1.256538410E0
2.850000000E0;-7.162479669E0;2.493418603E0;-8.118660404E1;-1.339586756E0
2.860000000E0;-7.960421235E0;2.480464266E0;-8.001753190E1;-1.163929502E0
2.870000000E0;-8.762830307E0;2.470140013E0;-8.154480985E1;-1.193165881E0
2.880000000E0;-9.591317432E0;2.456600948E0;-8.199029746E1;-1.358063982E0
2.890000000E0;-1.040263626E1;2.442978733E0;-8.034829419E1;-1.613067680E0
2.900000000E0;-1.119828332E1;2.424339595E0;-8.014744701E1;-5.604696392E-1
2.910000000E0;-1.200558520E1;2.431769340E0;-8.060822679E1;-1.938840568E-1
2.920000000E0;-1.281044785E1;2.420461914E0;-8.144736626E1;-4.760056252E-1
2.930000000E0;-1.363453252E1;2.422249228E0;-8.079466564E1;1.511519759E0
2.940000000E0;-1.442634116E1;2.450692309E0;-7.901534205E1;2.116926373E0
2.950000000E0;-1.521483936E1;2.464587755E0;-7.889647299E1;8.235346302E-1
2.960000000E0;-1.600427062E1;2.467163001E0;-7.995052061E1;1.206115697E0
2.970000000E0;-1.681384977E1;2.488710069E0;-7.925549933E1;3.391311932E0
2.980000000E0;-1.758938061E1;2.534989240E0;-7.529446385E1;7.445542613E0
2.990000000E0;-1.831973905E1;2.637620922E0;-7.729324036E1;2.348547203E1
3.000000000E0;-1.913524542E1;3.004698681E0;-8.323742116E1;6.929036023E0
3.010000000E0;-1.998448747E1;2.776201642E0;-8.012438532E1;-1.355647537E1
3.020000000E0;-2.073773312E1;2.733569173E0;-7.412345380E1;-8.094902457E-1
3.030000000E0;-2.146695655E1;2.760011837E0;-7.519511171E1;4.736292025E0
3.040000000E0;-2.224163536E1;2.828295014E0;-7.701215445E1;5.821419290E0
3.050000000E0;-2.300719964E1;2.876440223E0;-7.641281587E1;6.139183523E0
3.060000000E0;-2.376989168E1;2.951078684E0;-7.600683221E1;6.282164970E0
3.070000000E0;-2.452733628E1;3.002083522E0;-7.513585419E1;6.032793883E0
3.080000000E0;-2.527260876E1;3.071734562E0;-7.325102348E1;7.997461594E0
3.090000000E0;-2.599235675E1;3.162032754E0;-7.173446550E1;7.630135196E0
3.100000000E0;-2.670729807E1;3.224337266E0;-7.169920926E1;7.238501757E0
3.110000000E0;-2.742634094E1;3.306802789E0;-7.257808784E1;9.522127811E0
3.120000000E0;-2.815885983E1;3.414779822E0;-7.191964878E1;1.032208221E1
3.130000000E0;-2.886473391E1;3.513244434E0;-7.014421407E1;1.029564297E1
3.140000000E0;-2.956174411E1;3.620692681E0;-7.016800041E1;1.178309155E1
3.150000000E0;-3.026809392E1;3.748906264E0;-6.886441432E1;1.260340309E1
3.160000000E0;-3.093903239E1;3.872760743E0;-6.646985915E1;1.218322262E1
3.170000000E0;-3.159749111E1;3.992570717E0;-6.555859409E1;1.231018841E1
3.180000000E0;-3.225020428E1;4.118964511E0;-6.472757853E1;1.246188282E1
3.190000000E0;-3.289204268E1;4.241808373E0;-6.393589182E1;1.246046672E1
3.200000000E0;-3.352892211E1;4.368173846E0;-6.219665854E1;1.271326085E1
3.210000000E0;-3.413597585E1;4.496073590E0;-5.991821144E1;1.231495494E1
3.220000000E0;-3.472728634E1;4.614472945E0;-5.885867665E1;1.289545509E1
3.230000000E0;-3.531314938E1;4.753982692E0;-5.849452200E1;1.342872164E1
3.240000000E0;-3.589717678E1;4.883047377E0;-5.669908403E1;1.349678304E1
3.250000000E0;-3.644713106E1;5.023918353E0;-5.260805164E1;1.559989776E1
3.260000000E0;-3.694933781E1;5.195045333E0;-4.939665659E1;1.747934129E1
3.270000000E0;-3.743506419E1;5.373505179E0;-5.003755257E1;1.904473442E1
3.280000000E0;-3.795008887E1;5.575940021E0;-5.168328044E1;1.937022726E1
3.290000000E0;-3.846872980E1;5.760909724E0;-5.190146383E1;1.192834413E1
3.300000000E0;-3.898811814E1;5.814506904E0;-4.888019761E1;6.102996900E0
3.310000000E0;-3.944633375E1;5.882969662E0;-4.262663972E1;7.469752337E0
3.320000000E0;-3.984065094E1;5.963901950E0;-4.251573443E1;1.100096100E1
3.330000000E0;-4.029664844E1;6.102988882E0;-4.364522264E1;1.290932278E1
3.340000000E0;-4.071355539E1;6.222088406E0;-4.064291818E1;1.213131582E1
3.350000000E0;-4.110950681E1;6.345615198E0;-3.914550155E1;1.253899456E1
3.360000000E0;-4.149646542E1;6.472868297E0;-3.814872040E1;1.180738906E1
3.370000000E0;-4.187248121E1;6.581762979E0;-3.490766886E1;1.105546797E1
3.380000000E0;-4.219461880E1;6.693977656E0;-3.324983022E1;1.144748531E1
3.390000000E0;-4.253747782E1;6.810712686E0;-3.201249200E1;1.129775061E1
3.400000000E0;-4.283486864E1;6.919932669E0;-3.032541060E1;1.100689835E1
3.410000000E0;-4.314398603E1;7.030850653E0;-2.981285317E1;9.473456757E0
3.420000000E0;-4.343112570E1;7.109401804E0;-2.801298273E1;8.026471381E0
3.430000000E0;-4.370424568E1;7.191380080E0;-2.634274045E1;9.248234029E0
3.440000000E0;-4.395798051E1;7.294366484E0;-2.319414783E1;7.643634154E0
3.450000000E0;-4.416812864E1;7.344252763E0;-2.062408032E1;6.793612078E0
3.460000000E0;-4.437046212E1;7.430238726E0;-1.870134885E1;6.522918961E0
3.470000000E0;-4.454215562E1;7.474711142E0;-1.841333828E1;5.861330994E0
3.480000000E0;-4.473872888E1;7.547465346E0;-1.714002001E1;5.176443622E0
3.490000000E0;-4.488495602E1;7.578240015E0;-1.442454689E1;5.232512174E0
3.500000000E0;-4.502721982E1;7.652115589E0;-1.352997943E1;5.249122095E0
3.510000000E0;-4.515555561E1;7.683222457E0;-1.193877305E1;2.535301465E0
3.520000000E0;-4.526599528E1;7.702821619E0;-9.564336371E0;2.317772470E0
3.530000000E0;-4.534684233E1;7.729577906E0;-7.612800996E0;3.027634063E0
3.540000000E0;-4.541825130E1;7.763374300E0;-5.759981842E0;3.108190977E0
3.550000000E0;-4.546204197E1;7.791741726E0;-4.554824713E0;1.953095311E0
3.560000000E0;-4.550934780E1;7.802436206E0;-3.837800244E0;6.857255477E-1
3.570000000E0;-4.553879798E1;7.805456237E0;-1.789579524E0;8.465326104E-2
3.580000000E0;-4.554513939E1;7.804129271E0;-1.084201965E-1;-1.371268363E-1
3.590000000E0;-4.554096638E1;7.802713700E0;1.500255450E0;-3.986189790E-1
3.600000000E0;-4.551513428E1;7.796156892E0;4.567532565E0;-8.849196578E-1
3.610000000E0;-4.544961573E1;7.785015307E0;5.742877583E0;-1.606939423E0
3.620000000E0;-4.540027672E1;7.764018103E0;7.590683041E0;-3.349696660E0
3.630000000E0;-4.529780207E1;7.718021374E0;1.079366535E1;-4.065792571E0
3.640000000E0;-4.518440342E1;7.682702252E0;1.165866627E1;-3.639830346E0
3.650000000E0;-4.506462874E1;7.645224767E0;1.337895241E1;-5.337024954E0
3.660000000E0;-4.491682437E1;7.575961753E0;1.473608919E1;-4.897023639E0
3.670000000E0;-4.476990696E1;7.547284294E0;1.520314712E1;-5.879501799E0
3.680000000E0;-4.461276143E1;7.458371717E0;1.821493308E1;-7.113663105E0
3.690000000E0;-4.440560830E1;7.405011032E0;1.947088839E1;-7.220486136E0
3.700000000E0;-4.422334366E1;7.313961994E0;2.110359821E1;-8.749132338E0
3.710000000E0;-4.398353633E1;7.230028385E0;2.428727287E1;-7.565766540E0
3.720000000E0;-4.373759820E1;7.162646663E0;2.569308925E1;-8.245367869E0
3.730000000E0;-4.346967455E1;7.065121028E0;2.718769696E1;-1.041591980E1
3.740000000E0;-4.319384426E1;6.954328267E0;2.788219102E1;-9.959252578E0
3.750000000E0;-4.291203073E1;6.865935976E0;2.900792555E1;-8.807094487E0
3.760000000E0;-4.261368575E1;6.778186377E0;3.131026779E1;-9.492668489E0
3.770000000E0;-4.228582537E1;6.676082606E0;3.449215201E1;-1.055376959E1
3.780000000E0;-4.192384271E1;6.567110986E0;3.503563621E1;-1.154781124E1
3.790000000E0;-4.158511265E1;6.445126382E0;3.518489383E1;-1.221438514E1
3.800000000E0;-4.122014483E1;6.322823283E0;3.747812230E1;-1.237388000E1
3.810000000E0;-4.083555020E1;6.197648782E0;4.009978461E1;-1.250897330E1
3.820000000E0;-4.041814914E1;6.072643817E0;4.082379923E1;-1.264479990E1
3.830000000E0;-4.001907422E1;5.944752784E0;4.154357021E1;-1.230174918E1
3.840000000E0;-3.958727774E1;5.826608833E0;4.281851971E1;-1.005446568E1
3.850000000E0;-3.916270382E1;5.743663470E0;4.480476039E1;-7.435832937E0
3.860000000E0;-3.869118253E1;5.677892175E0;4.910472574E1;-6.497147903E0
3.870000000E0;-3.818060931E1;5.613720512E0;5.074541236E1;-1.376231825E1
3.880000000E0;-3.767627428E1;5.402645809E0;5.046619755E1;-2.103691893E1
3.890000000E0;-3.717128536E1;5.192982133E0;4.968743324E1;-1.938815974E1
3.900000000E0;-3.668252562E1;5.014882615E0;5.099739306E1;-1.735296232E1
3.910000000E0;-3.615133750E1;4.845922887E0;5.351335611E1;-1.516021530E1
3.920000000E0;-3.561225850E1;4.711678309E0;5.426347428E1;-1.291941806E1
3.930000000E0;-3.506606801E1;4.587534525E0;5.701375392E1;-1.234793812E1
3.940000000E0;-3.447198342E1;4.464719546E0;5.857251362E1;-1.219979176E1
3.950000000E0;-3.389461774E1;4.343538690E0;5.880904921E1;-1.196351551E1
3.960000000E0;-3.329580243E1;4.225449236E0;5.940829037E1;-1.146335027E1
3.970000000E0;-3.270645193E1;4.114271685E0;5.964194001E1;-1.146547980E1
3.980000000E0;-3.210296363E1;3.996139640E0;6.213932347E1;-1.154439960E1
3.990000000E0;-3.146366546E1;3.883383693E0;6.425294918E1;-1.129317339E1
4.000000000E0;-3.081790465E1;3.770276172E0;6.493600766E1;-1.127944807E1
4.010000000E0;-3.016494531E1;3.657794731E0;6.550355683E1;-1.112167787E1
4.020000000E0;-2.950783351E1;3.547842615E0;6.557761253E1;-1.070698003E1
4.030000000E0;-2.885339306E1;3.443655131E0;6.587980100E1;-8.540405216E0
4.040000000E0;-2.819023749E1;3.377034511E0;6.666371323E1;-7.468603632E0
4.050000000E0;-2.752011879E1;3.294283058E0;6.883995840E1;-9.155111593E0
4.060000000E0;-2.681343833E1;3.193932279E0;6.953224091E1;-9.121429964E0
4.070000000E0;-2.612947397E1;3.111854459E0;6.733329990E1;-6.950881768E0
4.080000000E0;-2.546677233E1;3.054914644E0;6.862694697E1;-7.020932555E0
4.090000000E0;-2.475693503E1;2.971435808E0;7.050448214E1;-6.386628842E0
4.100000000E0;-2.405668268E1;2.927182067E0;6.898251943E1;-5.670417449E0
4.110000000E0;-2.337728465E1;2.858027459E0;6.931116079E1;-5.652135947E0
4.120000000E0;-2.267045947E1;2.814139348E0;7.094651585E1;-5.444416677E0
4.130000000E0;-2.195835433E1;2.749139125E0;7.041854277E1;-5.048726015E0
4.140000000E0;-2.126208861E1;2.713164827E0;6.732444739E1;-2.535648421E0
4.150000000E0;-2.061186538E1;2.698426157E0;6.629997017E1;-2.398755907E-1
4.160000000E0;-1.993608921E1;2.708367316E0;7.217703507E1;4.429373374E0
4.170000000E0;-1.916832468E1;2.787013624E0;7.793645689E1;-5.385866110E0
4.180000000E0;-1.837736007E1;2.600649993E0;7.372123924E1;-1.484774641E1
4.190000000E0;-1.769389989E1;2.490058696E0;6.989740537E1;-7.062847849E0
4.200000000E0;-1.697941196E1;2.459393036E0;7.193776672E1;-2.506212198E0
4.210000000E0;-1.625514456E1;2.439934452E0;7.344939078E1;-1.258645195E0
4.220000000E0;-1.551042415E1;2.434220133E0;7.241576877E1;-7.234057050E-1
4.230000000E0;-1.480682918E1;2.425466338E0;7.131900869E1;-2.383213226E0
4.240000000E0;-1.408404398E1;2.386555868E0;7.150738804E1;-2.708456858E0
4.250000000E0;-1.337668142E1;2.371297201E0;7.194703109E1;-6.770483887E-1
4.260000000E0;-1.264510335E1;2.373014900E0;7.167510332E1;1.114142088E-1
4.270000000E0;-1.194317936E1;2.373525485E0;7.162631368E1;3.659261833E-1
4.280000000E0;-1.121257708E1;2.380333424E0;7.155879066E1;6.829219388E-1
4.290000000E0;-1.051200354E1;2.387183924E0;7.160698143E1;9.580919238E-1
4.300000000E0;-9.780437451E0;2.399495262E0;7.110301590E1;1.072252049E0
4.310000000E0;-9.089943227E0;2.408628965E0;7.093412915E1;7.312492606E-1
4.320000000E0;-8.361754868E0;2.414120248E0;7.097230369E1;1.431742058E0
4.330000000E0;-7.670497153E0;2.437263806E0;6.927696616E1;1.747555391E0
4.340000000E0;-6.976215545E0;2.449071355E0;7.002733856E1;1.393727397E0
4.350000000E0;-6.269950382E0;2.465138354E0;6.929784454E1;1.396694536E0
4.360000000E0;-5.590258654E0;2.477005246E0;6.827357183E1;1.254047329E0
4.370000000E0;-4.904478945E0;2.490219300E0;6.955381843E1;1.440753728E0
4.380000000E0;-4.199182286E0;2.505820321E0;6.921902567E1;1.402134500E0
4.390000000E0;-3.520098432E0;2.518261990E0;6.781953775E1;9.723494084E-1
4.400000000E0;-2.842791531E0;2.525267309E0;6.876314911E1;8.152436808E-1
4.410000000E0;-2.144835449E0;2.534566864E0;6.882387211E1;1.264066845E0
4.420000000E0;-1.466314088E0;2.550548646E0;6.492150099E1;2.818196404E0
4.430000000E0;-8.464054295E-1;2.590930792E0;6.682072252E1;1.914143533E1
4.440000000E0;-1.298996379E-1;2.933377352E0;6.460728232E1;1.940484055E1
4.450000000E0;4.457402169E-1;2.979027603E0;7.047866355E1;-1.645719224E1
4.460000000E0;1.279673633E0;2.604233507E0;7.431617685E1;-2.221524320E1
4.470000000E0;1.932063754E0;2.534722739E0;6.551015901E1;-4.774669410E0
4.480000000E0;2.589876813E0;2.508740119E0;6.795628395E1;-1.252704721E0
4.490000000E0;3.291189433E0;2.509668645E0;6.987850542E1;2.451176252E-1
4.500000000E0;3.987446922E0;2.513642472E0;6.784110321E1;3.136126844E-1
4.510000000E0;4.648011497E0;2.515940899E0;6.607333734E1;1.224556644E-2
4.520000000E0;5.308913668E0;2.513887383E0;6.630772219E1;-3.442802189E-2
4.530000000E0;5.974165941E0;2.515252338E0;6.733468339E1;7.366603024E-2
4.540000000E0;6.655607336E0;2.515360704E0;6.866030848E1;-6.597910564E-1
4.550000000E0;7.347372111E0;2.502056517E0;6.841081072E1;-2.070104745E0
4.560000000E0;8.023823551E0;2.473958609E0;6.719691873E1;-1.408967185E0
4.570000000E0;8.691310485E0;2.473877173E0;6.651200653E1;-1.320612688E-1
4.580000000E0;9.354063681E0;2.471317383E0;6.664516542E1;2.076107049E-1
4.590000000E0;1.002421379E1;2.478029387E0;6.670476409E1;4.219706310E-1
4.600000000E0;1.068815896E1;2.479756796E0;6.578357932E1;3.341082002E-1
4.610000000E0;1.133988538E1;2.484711551E0;6.619449414E1;4.254223352E-1
4.620000000E0;1.201204885E1;2.488265243E0;6.759346646E1;1.222719303E0
4.630000000E0;1.269175471E1;2.509165937E0;6.707713747E1;1.861397904E0
4.640000000E0;1.335359160E1;2.525493201E0;6.605968605E1;1.340558938E0
4.650000000E0;1.401294843E1;2.535977116E0;6.556545738E1;1.266056136E0
4.660000000E0;1.466490074E1;2.550814324E0;6.532111839E1;1.455908937E0
4.670000000E0;1.531937080E1;2.565095295E0;6.514523355E1;1.129195849E0
4.680000000E0;1.596780541E1;2.573398241E0;6.474836139E1;1.192953826E0
4.690000000E0;1.661433803E1;2.588954371E0;6.456819203E1;1.752138188E0
4.700000000E0;1.725916925E1;2.608441004E0;6.437196252E1;1.674811952E0
4.710000000E0;1.790177728E1;2.622450610E0;6.201870192E1;3.506265061E0
4.720000000E0;1.849954329E1;2.678566306E0;5.729957719E1;1.525126296E1
4.730000000E0;1.904776882E1;2.927475870E0;5.548734442E1;2.338329278E1
4.740000000E0;1.960929018E1;3.146232161E0;6.016533265E1;1.200769696E1
4.750000000E0;2.025107547E1;3.167629809E0;7.502954400E1;-1.783170122E1
4.760000000E0;2.110988106E1;2.789598137E0;7.373962754E1;-2.004941926E1
4.770000000E0;2.172586802E1;2.766641424E0;6.416764106E1;1.321041821E0
4.780000000E0;2.239323388E1;2.816018973E0;6.419220516E1;4.046163860E0
4.790000000E0;2.300971213E1;2.847564701E0;6.083751560E1;2.723959845E0
4.800000000E0;2.360998419E1;2.870498170E0;6.072165034E1;3.969405553E0
4.810000000E0;2.422414513E1;2.926952812E0;6.060277774E1;6.395191280E0
4.820000000E0;2.482203975E1;2.998401996E0;5.956850821E1;5.148540116E0
4.830000000E0;2.541551530E1;3.029923614E0;5.940449684E1;4.952597761E0
4.840000000E0;2.601012969E1;3.097453951E0;5.876052371E1;6.496924818E0
4.850000000E0;2.659072577E1;3.159862111E0;5.822838559E1;5.483397100E0
4.860000000E0;2.717469740E1;3.207121893E0;5.809270493E1;6.300279425E0
4.870000000E0;2.775257987E1;3.285867699E0;5.618387535E1;6.164308792E0
4.880000000E0;2.829837490E1;3.330408069E0;5.499828620E1;6.774854454E0
4.890000000E0;2.885254559E1;3.421364788E0;5.626649887E1;7.294591605E0
4.900000000E0;2.942370488E1;3.476299901E0;5.470620511E1;8.141076216E0
4.910000000E0;2.994666970E1;3.584186313E0;5.221827347E1;8.271925262E0
4.920000000E0;3.046807035E1;3.641738406E0;5.181091147E1;7.959255486E0
4.930000000E0;3.098288793E1;3.743371422E0;5.043358716E1;9.379523814E0
4.940000000E0;3.147674209E1;3.829328882E0;4.991579449E1;8.315612172E0
4.950000000E0;3.198120382E1;3.909683666E0;4.796252898E1;9.524907450E0
4.960000000E0;3.243599267E1;4.019827031E0;4.687433590E1;8.055768614E0
4.970000000E0;3.291869053E1;4.070799038E0;4.526545952E1;7.609136800E0
4.980000000E0;3.334130186E1;4.172009767E0;4.463196773E1;9.182274693E0
4.990000000E0;3.381132989E1;4.254444532E0;4.455283755E1;8.620298521E0
5.000000000E0;3.423235862E1;4.344415738E0;4.136467783E1;9.848139519E0
5.010000000E0;3.463862345E1;4.451407322E0;4.045431599E1;1.018749022E1
5.020000000E0;3.504144494E1;4.548165542E0;3.895774018E1;9.503207861E0
5.030000000E0;3.541777825E1;4.641471480E0;3.711744982E1;9.585392782E0
5.040000000E0;3.578379393E1;4.739873398E0;3.664776288E1;1.063005433E1
5.050000000E0;3.615073351E1;4.854072566E0;3.604475461E1;9.714013930E0
5.060000000E0;3.650468902E1;4.934153677E0;3.368596772E1;8.431247744E0
5.070000000E0;3.682445286E1;5.022697521E0;3.249888696E1;9.542557110E0
5.080000000E0;3.715466676E1;5.125004819E0;3.139017246E1;8.350076598E0
5.090000000E0;3.745225631E1;5.189699053E0;2.821186735E1;8.142548215E0
5.100000000E0;3.771890411E1;5.287855783E0;2.618536407E1;7.406420856E0
5.110000000E0;3.797596359E1;5.337827470E0;2.529095629E1;6.462739186E0
5.120000000E0;3.822472324E1;5.417110567E0;2.481897803E1;6.233502301E0
5.130000000E0;3.847234315E1;5.462497516E0;2.327711249E1;6.302897688E0
5.140000000E0;3.869026549E1;5.543168521E0;2.078064778E1;6.633383859E0
5.150000000E0;3.888795611E1;5.595165193E0;1.914592181E1;6.103960815E0
5.160000000E0;3.907318392E1;5.665247737E0;1.872482760E1;5.715837393E0
5.170000000E0;3.926245266E1;5.709481941E0;1.660612184E1;4.684952591E0
5.180000000E0;3.940530636E1;5.758946789E0;1.324552656E1;5.052168099E0
5.190000000E0;3.952736319E1;5.810525303E0;1.244306911E1;4.065897258E0
5.200000000E0;3.965416774E1;5.840264734E0;1.199040599E1;2.322161543E0
5.210000000E0;3.976717131E1;5.856968534E0;1.000471803E1;2.074017911E0
5.220000000E0;3.985426210E1;5.881745092E0;7.319050978E0;2.789585731E0
5.230000000E0;3.991355233E1;5.912760249E0;5.137663400E0;3.496554124E0
5.240000000E0;3.995701537E1;5.951676175E0;4.306466871E0;2.520947612E0
5.250000000E0;3.999968167E1;5.963179201E0;3.522676595E0;8.996893699E-1
5.260000000E0;4.002746890E1;5.969669962E0;1.547125106E0;3.961824904E-1
5.270000000E0;4.003062417E1;5.971102851E0;-2.287433965E-1;-4.875286672E-2
5.280000000E0;4.002289403E1;5.968694905E0;-2.162081664E0;-4.832885244E-1
5.290000000E0;3.998738254E1;5.961437080E0;-4.880498117E0;-3.818784598E-1
5.300000000E0;3.992528407E1;5.961057335E0;-5.946829012E0;-1.199251208E0
5.310000000E0;3.986844596E1;5.937452056E0;-7.353310344E0;-2.034181345E0
5.320000000E0;3.977821786E1;5.920373708E0;-9.325953777E0;-2.188652703E0
5.330000000E0;3.968192688E1;5.893679002E0;-1.148938241E1;-3.800367120E0
5.340000000E0;3.954843022E1;5.844366366E0;-1.412240583E1;-3.962293454E0
5.350000000E0;3.939947876E1;5.814433133E0;-1.430696915E1;-5.420144927E0
5.360000000E0;3.926229083E1;5.735963468E0;-1.595951696E1;-6.252203145E0
5.370000000E0;3.908028842E1;5.689389070E0;-1.851535459E1;-5.458728896E0
5.380000000E0;3.889198374E1;5.626788890E0;-1.940165212E1;-6.692245853E0
5.390000000E0;3.869225538E1;5.555544153E0;-2.030303962E1;-7.535728331E0
5.400000000E0;3.848592295E1;5.476074323E0;-2.298896071E1;-6.952471824E0
5.410000000E0;3.823247617E1;5.416494716E0;-2.511126535E1;-7.757276169E0
5.420000000E0;3.798369764E1;5.320928800E0;-2.582914567E1;-7.475807812E0
5.430000000E0;3.771589325E1;5.266978560E0;-2.697444061E1;-7.695877180E0
5.440000000E0;3.744420883E1;5.167011256E0;-2.842525824E1;-9.014036266E0
5.450000000E0;3.714738809E1;5.086697835E0;-3.110673928E1;-7.694708325E0
5.460000000E0;3.682207404E1;5.013117090E0;-3.257698835E1;-8.852165562E0
5.470000000E0;3.649584832E1;4.909654524E0;-3.299047898E1;-9.390587123E0
5.480000000E0;3.616226446E1;4.825305347E0;-3.520486523E1;-8.836672484E0
5.490000000E0;3.579175102E1;4.732921074E0;-3.748767543E1;-1.027048012E1
5.500000000E0;3.541251096E1;4.619895745E0;-3.833429601E1;-1.003662763E1
5.510000000E0;3.502506510E1;4.532188521E0;-3.970580050E1;-8.470507115E0
5.520000000E0;3.461839495E1;4.450485602E0;-4.029338650E1;-9.413189186E0
5.530000000E0;3.421919737E1;4.343924738E0;-4.101416934E1;-8.807724890E0
5.540000000E0;3.379811156E1;4.274331105E0;-4.334509194E1;-8.291173104E0
5.550000000E0;3.335229553E1;4.178101276E0;-4.368680978E1;-1.001760579E1
5.560000000E0;3.292437536E1;4.073978989E0;-4.504550253E1;-8.274527553E0
5.570000000E0;3.245138548E1;4.012610725E0;-4.612706161E1;-8.330197382E0
5.580000000E0;3.200183413E1;3.907375041E0;-4.705078916E1;-8.224140037E0
5.590000000E0;3.151036970E1;3.848127924E0;-4.991745204E1;-7.537174030E0
5.600000000E0;3.100348509E1;3.756631561E0;-5.033071958E1;-7.176260554E0
5.610000000E0;3.050375530E1;3.704602713E0;-4.989090903E1;-7.045415008E0
5.620000000E0;3.000566691E1;3.615723260E0;-5.119525861E1;-7.483008970E0
5.630000000E0;2.947985013E1;3.554942533E0;-5.267077471E1;-7.294479193E0
5.640000000E0;2.895225142E1;3.469833677E0;-5.317917712E1;-6.676116513E0
5.650000000E0;2.841626659E1;3.421420203E0;-5.318639968E1;-6.746650031E0
5.660000000E0;2.788852342E1;3.334900676E0;-5.272006062E1;-6.438270889E0
5.670000000E0;2.736186538E1;3.292654785E0;-5.294627973E1;-4.855036548E0
5.680000000E0;2.682959783E1;3.237799945E0;-5.311010131E1;-5.693057302E0
5.690000000E0;2.629966335E1;3.178793639E0;-5.464604935E1;-4.932164183E0
5.700000000E0;2.573667684E1;3.139156661E0;-5.691923626E1;-4.122391867E0
5.710000000E0;2.516127863E1;3.096345802E0;-5.616481940E1;-5.540285227E0
5.720000000E0;2.461338045E1;3.028350957E0;-5.642381725E1;-5.400909842E0
5.730000000E0;2.403280228E1;2.988327605E0;-5.738933367E1;-3.194211836E0
5.740000000E0;2.346559378E1;2.964466720E0;-5.663477321E1;-2.962812335E0
5.750000000E0;2.290010682E1;2.929071358E0;-5.725971172E1;-3.480085718E0
5.760000000E0;2.232039954E1;2.894865006E0;-5.849680095E1;-2.378214936E0
5.770000000E0;2.173017080E1;2.881507060E0;-5.808522073E1;1.707487739E0
5.780000000E0;2.115869513E1;2.929014761E0;-5.556569946E1;4.964789188E0
5.790000000E0;2.061885681E1;2.980802843E0;-6.113468805E1;1.057389259E1
5.800000000E0;1.993600137E1;3.140492612E0;-6.514523879E1;1.127885220E1
5.810000000E0;1.931595203E1;3.206379887E0;-5.783429370E1;-2.329335605E0
5.820000000E0;1.877931549E1;3.093905900E0;-5.388739324E1;-1.359188924E1
5.830000000E0;1.823820417E1;2.934542103E0;-5.604678562E1;-1.149138489E1
5.840000000E0;1.765837978E1;2.864078202E0;-5.769327587E1;-4.215921002E0
5.850000000E0;1.708433865E1;2.850223683E0;-5.829258916E1;-2.108013629E0
5.860000000E0;1.649252800E1;2.821917930E0;-5.861332842E1;-1.018252873E0
5.870000000E0;1.591207208E1;2.829858625E0;-5.951068328E1;-5.482752740E-1
5.880000000E0;1.530231433E1;2.810952424E0;-5.993252393E1;-5.948165481E-1
5.890000000E0;1.471342160E1;2.817962294E0;-5.861560315E1;3.970315666E-3
5.900000000E0;1.413000227E1;2.811031831E0;-5.912934098E1;-7.243532790E-1
5.910000000E0;1.353083478E1;2.803475229E0;-5.953926471E1;-6.365889240E-1
5.920000000E0;1.293921698E1;2.798300052E0;-6.047610489E1;-6.138336969E-1
5.930000000E0;1.232131269E1;2.791198555E0;-5.936443089E1;-7.548035285E-1
5.940000000E0;1.175192836E1;2.783203982E0;-5.863032002E1;-5.712585895E-1
5.950000000E0;1.114870629E1;2.779773383E0;-5.910031534E1;-1.427621506E-1
5.960000000E0;1.056992205E1;2.780348739E0;-5.845069712E1;-1.482351493E-1
5.970000000E0;9.979692343E0;2.776808680E0;-5.845490765E1;-9.257944060E-2
5.980000000E0;9.400823899E0;2.778497150E0;-5.839853055E1;-3.434414030E-1
5.990000000E0;8.811721732E0;2.769939852E0;-5.804350806E1;4.822134653E-2
6.000000000E0;8.239953738E0;2.779461577E0;-5.805686661E1;6.423775027E-1
6.010000000E0;7.650584400E0;2.782787402E0;-5.794178039E1;1.343484503E0
6.020000000E0;7.081118130E0;2.806331267E0;-5.841313694E1;1.949831956E0
6.030000000E0;6.482321661E0;2.821784041E0;-5.780399776E1;7.543341290E-1
6.040000000E0;5.925038175E0;2.821417949E0;-5.744434812E1;-6.957323528E-2
6.050000000E0;5.333434699E0;2.820392576E0;-5.737313423E1;-6.353980352E-1
6.060000000E0;4.777575490E0;2.808709989E0;-5.490948739E1;-5.751312441E-1
6.070000000E0;4.235244951E0;2.808889951E0;-5.709699269E1;-3.596112232E-2
6.080000000E0;3.635635636E0;2.807990766E0;-5.808449739E1;6.938431836E-1
6.090000000E0;3.073555003E0;2.822766815E0;-5.777618392E1;-2.196226853E-1
6.100000000E0;2.480111958E0;2.803598312E0;-5.777456162E1;-1.357117569E0
6.110000000E0;1.918063771E0;2.795624464E0;-5.461023506E1;3.032165291E0
6.120000000E0;1.387907256E0;2.864241618E0;-5.392767238E1;9.463144227E0
6.130000000E0;8.395103235E-1;2.984887348E0;-5.874965077E1;2.029123929E1
6.140000000E0;2.129142410E-1;3.270066404E0;-5.783730232E1;1.327611781E1
6.150000000E0;-3.172357229E-1;3.250409704E0;-5.360701355E1;-6.745720826E0
6.160000000E0;-8.592260300E-1;3.135151988E0;-5.480486137E1;-1.546557963E1
6.170000000E0;-1.413332950E0;2.941098112E0;-5.554643623E1;-1.013124124E1
6.180000000E0;-1.970154755E0;2.932527163E0;-5.533852715E1;-6.287744198E-1
6.190000000E0;-2.520103493E0;2.928522623E0;-5.577446301E1;-1.524554512E0
6.200000000E0;-3.085644015E0;2.902036072E0;-5.693311749E1;-1.546103315E0
6.210000000E0;-3.658765843E0;2.897600557E0;-5.575628959E1;-4.343928525E-1
6.220000000E0;-4.200769807E0;2.893348215E0;-5.535935198E1;-5.176140975E-1
6.230000000E0;-4.765952883E0;2.887248275E0;-5.731578302E1;-5.031524748E-1
6.240000000E0;-5.347085467E0;2.883285166E0;-5.642813662E1;-4.441738026E-1
6.250000000E0;-5.894515615E0;2.878364799E0;-5.596800933E1;-6.729399189E-1
6.260000000E0;-6.466445653E0;2.869826368E0;-5.721147213E1;-4.383427892E-1
6.270000000E0;-7.038745057E0;2.869597943E0;-5.619568285E1;3.262267491E-1
6.280000000E0;-7.590359310E0;2.876350903E0;-5.696093415E1;-5.297096498E-1
6.290000000E0;-8.177963740E0;2.859003750E0;-5.692793409E1;-1.272854202E0
6.300000000E0;-8.728917992E0;2.850893819E0;-5.550269401E1;-2.247025939E-1
6.310000000E0;-9.288017620E0;2.854509698E0;-5.643222727E1;-4.636325683E-1
6.320000000E0;-9.857562538E0;2.841621167E0;-5.626658691E1;-1.430638221E0
6.330000000E0;-1.041334936E1;2.825896934E0;-5.498703217E1;-7.525947064E-1
6.340000000E0;-1.095730318E1;2.826569273E0;-5.648616271E1;-5.641978387E-1
6.350000000E0;-1.154307261E1;2.814612977E0;-5.694657448E1;-7.533746985E-1
6.360000000E0;-1.209623467E1;2.811501779E0;-5.483150499E1;-2.947810871E-1
6.370000000E0;-1.263970271E1;2.808717355E0;-5.412919887E1;1.246445669E0
6.380000000E0;-1.317881865E1;2.836430692E0;-5.472429459E1;2.637572004E0
6.390000000E0;-1.373418860E1;2.861468796E0;-5.599910512E1;1.823443838E0
6.400000000E0;-1.429880075E1;2.872899569E0;-5.469702394E1;3.813952864E-1
6.410000000E0;-1.482812908E1;2.869096701E0;-5.337334985E1;2.330775183E-2
6.420000000E0;-1.536626775E1;2.873365724E0;-5.479548011E1;7.334618724E-1
6.430000000E0;-1.592403869E1;2.883765939E0;-5.554391634E1;6.393488146E-1
6.440000000E0;-1.647714607E1;2.886152701E0;-5.513435332E1;1.783802886E0
6.450000000E0;-1.702672575E1;2.919441996E0;-5.426865525E1;3.199104952E0
6.460000000E0;-1.756251918E1;2.950134800E0;-5.250848533E1;6.503327043E0
6.470000000E0;-1.807689546E1;3.049508537E0;-5.106198026E1;1.482770420E1
6.480000000E0;-1.858375878E1;3.246688884E0;-5.235869471E1;1.903412639E1
6.490000000E0;-1.912406935E1;3.430191065E0;-5.202955243E1;1.050115675E1
6.500000000E0;-1.962434983E1;3.456712018E0;-5.127735163E1;-3.228981998E0
6.510000000E0;-2.014961639E1;3.365611425E0;-5.354121081E1;-8.944828609E0
6.520000000E0;-2.069517405E1;3.277815446E0;-5.291039645E1;-4.850512324E0
6.530000000E0;-2.120782431E1;3.268601179E0;-5.174559827E1;-2.313490279E-1
6.540000000E0;-2.173008601E1;3.273188466E0;-5.206299941E1;3.365240408E-1
6.550000000E0;-2.224908430E1;3.275331660E0;-5.176491651E1;9.087165076E-1
6.560000000E0;-2.276538435E1;3.291362796E0;-5.121662298E1;8.580179634E-1
6.570000000E0;-2.327341676E1;3.292492019E0;-5.004519371E1;1.311831623E0
6.580000000E0;-2.376628822E1;3.317599428E0;-5.035449518E1;3.608060203E0
6.590000000E0;-2.428050667E1;3.364653223E0;-5.074886493E1;4.093244789E0
6.600000000E0;-2.478126552E1;3.399464324E0;-4.817878530E1;4.285689506E0
6.610000000E0;-2.524408237E1;3.450367013E0;-4.730970127E1;4.080521862E0
6.620000000E0;-2.572745954E1;3.481074761E0;-4.705022492E1;5.303033480E0
6.630000000E0;-2.618508687E1;3.556427683E0;-4.598234493E1;5.470750449E0
6.640000000E0;-2.664710644E1;3.590489770E0;-4.526667472E1;5.748321199E0
6.650000000E0;-2.709042036E1;3.671394107E0;-4.517947263E1;5.514953044E0
6.660000000E0;-2.755069589E1;3.700788831E0;-4.409490050E1;5.171382200E0
6.670000000E0;-2.797231837E1;3.774821751E0;-4.326320636E1;5.863070910E0
6.680000000E0;-2.841596002E1;3.818050249E0;-4.382002629E1;5.413782268E0
6.690000000E0;-2.884871890E1;3.883097396E0;-4.235077520E1;5.811544210E0
6.700000000E0;-2.926297553E1;3.934281134E0;-4.069374420E1;6.910804334E0
6.710000000E0;-2.966259378E1;4.021313483E0;-3.971967472E1;6.677717206E0
6.720000000E0;-3.005736902E1;4.067835478E0;-3.877256372E1;6.420167907E0
6.730000000E0;-3.043804506E1;4.149716841E0;-3.838906829E1;6.372050890E0
6.740000000E0;-3.082515039E1;4.195276496E0;-3.822826379E1;5.945427772E0
6.750000000E0;-3.120261033E1;4.268625396E0;-3.798069736E1;5.505507252E0
6.760000000E0;-3.158476433E1;4.305386641E0;-3.596830407E1;6.512277727E0
6.770000000E0;-3.192197642E1;4.398870951E0;-3.340585108E1;6.902813582E0
6.780000000E0;-3.225288135E1;4.443442912E0;-3.372331811E1;5.389489210E0
6.790000000E0;-3.259644278E1;4.506660735E0;-3.278623824E1;5.889535675E0
6.800000000E0;-3.290860612E1;4.561233626E0;-3.002164746E1;6.208980946E0
6.810000000E0;-3.319687573E1;4.630840354E0;-3.034365596E1;5.435016385E0
6.820000000E0;-3.351547924E1;4.669933953E0;-3.027533271E1;5.657361428E0
6.830000000E0;-3.380238238E1;4.743987582E0;-2.773988780E1;5.665176736E0
6.840000000E0;-3.407027699E1;4.783237488E0;-2.629062345E1;5.695598088E0
6.850000000E0;-3.432819485E1;4.857899544E0;-2.583671133E1;5.204895692E0
6.860000000E0;-3.458701122E1;4.887335402E0;-2.506254100E1;5.505036757E0
6.870000000E0;-3.482944567E1;4.968000279E0;-2.410050765E1;6.035053120E0
6.880000000E0;-3.506902137E1;5.008036464E0;-2.145168594E1;5.666844450E0
6.890000000E0;-3.525847939E1;5.081337168E0;-2.056306711E1;5.757331114E0
6.900000000E0;-3.548028272E1;5.123183087E0;-1.961406064E1;4.091478840E0
6.910000000E0;-3.565076060E1;5.163166745E0;-1.668627204E1;5.286532834E0
6.920000000E0;-3.581400816E1;5.228913743E0;-1.682981970E1;4.399284554E0
6.930000000E0;-3.598735700E1;5.251152436E0;-1.650606129E1;2.171074644E0
6.940000000E0;-3.614412938E1;5.272335236E0;-1.433267960E1;3.927911111E0
6.950000000E0;-3.627401059E1;5.329710658E0;-1.312022619E1;4.646102356E0
6.960000000E0;-3.640653391E1;5.365257283E0;-1.240407710E1;2.787699009E0
6.970000000E0;-3.652209213E1;5.385464639E0;-9.427123874E0;2.557129984E0
6.980000000E0;-3.659507638E1;5.416399883E0;-7.411798570E0;2.853602635E0
6.990000000E0;-3.667032810E1;5.442536691E0;-6.460168689E0;2.938550398E0
7.000000000E0;-3.672427976E1;5.475170891E0;-5.787059592E0;2.418602401E0
7.010000000E0;-3.678606929E1;5.490908739E0;-4.386486333E0;1.131220296E0
7.020000000E0;-3.681200948E1;5.497795297E0;-1.919102977E0;5.947785706E-1
7.030000000E0;-3.682445135E1;5.502804311E0;-7.655242263E-1;2.821912755E-1
7.040000000E0;-3.682731997E1;5.503439122E0;4.992980343E-2;-1.615215608E-1
7.050000000E0;-3.682345276E1;5.499573880E0;5.590749891E-1;-5.797187930E-1
7.060000000E0;-3.681613847E1;5.491844747E0;8.418114030E-1;-6.014921061E-1
7.070000000E0;-3.680661653E1;5.487544037E0;1.658539480E0;-5.803301295E-1
7.080000000E0;-3.678296768E1;5.480238144E0;4.829156610E0;-6.620162570E-1
7.090000000E0;-3.671003340E1;5.474303712E0;5.991402127E0;-1.072908705E0
7.100000000E0;-3.666313964E1;5.458779970E0;7.252817692E0;-1.025406612E0
7.110000000E0;-3.656497704E1;5.453795580E0;9.887200704E0;-1.251028196E0
7.120000000E0;-3.646539562E1;5.433759406E0;9.556883099E0;-2.758147532E0
7.130000000E0;-3.637383938E1;5.398632629E0;9.890809816E0;-3.604303147E0
7.140000000E0;-3.626757943E1;5.361673343E0;1.164433273E1;-2.724680178E0
7.150000000E0;-3.614095273E1;5.344139026E0;1.312189636E1;-3.364772556E0
7.160000000E0;-3.600514150E1;5.294377892E0;1.550374419E1;-4.907723996E0
7.170000000E0;-3.583087784E1;5.245984546E0;1.824965085E1;-4.224288352E0
7.180000000E0;-3.564014848E1;5.209892125E0;1.788408855E1;-4.790850659E0
7.190000000E0;-3.547319607E1;5.150167533E0;1.926798145E1;-5.017285264E0
7.200000000E0;-3.525478885E1;5.109546420E0;2.239065154E1;-4.543354256E0
7.210000000E0;-3.502538304E1;5.059300448E0;2.143944855E1;-5.083426126E0
7.220000000E0;-3.482599988E1;5.007877897E0;2.202989191E1;-4.266871582E0
7.230000000E0;-3.458478520E1;4.973963016E0;2.454797289E1;-5.313679626E0
7.240000000E0;-3.433504043E1;4.901604305E0;2.553818071E1;-5.351703920E0
7.250000000E0;-3.407402159E1;4.866928938E0;2.623641337E1;-5.942583121E0
7.260000000E0;-3.381031216E1;4.782752642E0;2.677650919E1;-6.022552196E0
7.270000000E0;-3.353849140E1;4.746477894E0;2.780228385E1;-5.462399742E0
7.280000000E0;-3.325426648E1;4.673504647E0;2.997276506E1;-5.682380451E0
7.290000000E0;-3.293903610E1;4.632830285E0;3.097004235E1;-6.699615674E0
7.300000000E0;-3.263486563E1;4.539512334E0;3.186467059E1;-6.330668924E0
7.310000000E0;-3.230174269E1;4.506216906E0;3.267925004E1;-6.184065333E0
7.320000000E0;-3.198128063E1;4.415831027E0;3.417116911E1;-6.494287088E0
7.330000000E0;-3.161831931E1;4.376331164E0;3.501982628E1;-6.304540170E0
7.340000000E0;-3.128088411E1;4.289740224E0;3.420407993E1;-6.569805698E0
7.350000000E0;-3.093423771E1;4.244935050E0;3.583060424E1;-5.745109172E0
7.360000000E0;-3.056427202E1;4.174838040E0;3.778301334E1;-6.874399181E0
7.370000000E0;-3.017857744E1;4.107447067E0;3.888161843E1;-6.156263214E0
7.380000000E0;-2.978663965E1;4.051712776E0;3.925991341E1;-4.741807178E0
7.390000000E0;-2.939337918E1;4.012610923E0;3.942714033E1;-5.602088265E0
7.400000000E0;-2.899809685E1;3.939671011E0;3.974854027E1;-5.215734536E0
7.410000000E0;-2.859840837E1;3.908296233E0;3.983524240E1;-5.373148638E0
7.420000000E0;-2.820139200E1;3.832208038E0;4.055523968E1;-5.368570240E0
7.430000000E0;-2.778730358E1;3.800924828E0;4.244359638E1;-4.564653189E0
7.440000000E0;-2.735252007E1;3.740914974E0;4.359097892E1;-5.304853255E0
7.450000000E0;-2.691548400E1;3.694827763E0;4.272369961E1;-5.699680613E0
7.460000000E0;-2.649804608E1;3.626921362E0;4.440358074E1;-5.633432757E0
7.470000000E0;-2.602741238E1;3.582159107E0;4.508864335E1;-4.031903970E0
7.480000000E0;-2.559627321E1;3.546283283E0;4.473739697E1;-4.439520268E0
7.490000000E0;-2.513266444E1;3.493368702E0;4.540653890E1;-4.206929264E0
7.500000000E0;-2.468814243E1;3.462144697E0;4.635391184E1;-3.334291948E0
7.510000000E0;-2.420558621E1;3.426682863E0;4.591972874E1;-4.273134055E0
7.520000000E0;-2.376974786E1;3.376682016E0;4.632966294E1;-2.970833748E0
7.530000000E0;-2.327899295E1;3.367266188E0;4.847224127E1;-9.137388654E-1
7.540000000E0;-2.280030303E1;3.358407239E0;4.673551359E1;-2.475947540E0
7.550000000E0;-2.234428268E1;3.317747237E0;4.693236662E1;-3.836040336E0
7.560000000E0;-2.186165570E1;3.281686432E0;4.816250832E1;-2.630933560E0
7.570000000E0;-2.138103251E1;3.265128566E0;4.825515900E1;-2.842734243E0
7.580000000E0;-2.089655252E1;3.224831747E0;4.713504566E1;3.242551965E-1
7.590000000E0;-2.043833160E1;3.271613670E0;4.797464897E1;9.286285554E0
7.600000000E0;-1.993705954E1;3.410557458E0;4.943428891E1;1.038213940E1
7.610000000E0;-1.944964582E1;3.479256458E0;4.634085969E1;2.286191247E0
7.620000000E0;-1.901024235E1;3.456281283E0;4.722087009E1;-7.858465554E0
7.630000000E0;-1.850522842E1;3.322087147E0;5.020776411E1;-1.488776472E1
7.640000000E0;-1.800608707E1;3.158525989E0;5.010409141E1;-1.128895603E1
7.650000000E0;-1.750314659E1;3.096308026E0;4.935930843E1;-5.271706979E0
7.660000000E0;-1.701890090E1;3.053091849E0;4.923826623E1;-3.685293639E0
7.670000000E0;-1.651838126E1;3.022602154E0;5.066724283E1;-3.802267930E0
7.680000000E0;-1.600555604E1;2.977046491E0;5.120354333E1;-2.748205962E0
7.690000000E0;-1.549431040E1;2.967638034E0;5.079937759E1;-1.829050332E-1
7.700000000E0;-1.498956849E1;2.973388390E0;4.994520437E1;2.322094265E-1
7.710000000E0;-1.449540631E1;2.972282223E0;4.936058718E1;-6.509744301E-1
7.720000000E0;-1.400235675E1;2.960368901E0;4.896317504E1;1.763442049E-1
7.730000000E0;-1.351614281E1;2.975809107E0;4.928283019E1;9.155051222E-1
7.740000000E0;-1.301670014E1;2.978679004E0;5.049114915E1;7.142664917E-1
7.750000000E0;-1.250631983E1;2.990094437E0;5.032891830E1;7.125436869E-1
7.760000000E0;-1.201012178E1;2.992929878E0;4.913744525E1;5.699365578E-1
7.770000000E0;-1.152357092E1;3.001493168E0;4.776581494E1;1.674996153E0
7.780000000E0;-1.105480548E1;3.026429801E0;4.858858500E1;1.804041161E0
7.790000000E0;-1.055179922E1;3.037573991E0;5.038893303E1;1.113531719E0
7.800000000E0;-1.004702682E1;3.048700435E0;4.964275032E1;1.111988814E0
7.810000000E0;-9.558944215E0;3.059813767E0;4.821514399E1;1.162027248E0
7.820000000E0;-9.082723937E0;3.071940980E0;4.826002982E1;1.113254012E0
7.830000000E0;-8.593743619E0;3.082078848E0;4.946785118E1;7.132987045E-1
7.840000000E0;-8.093366913E0;3.086206954E0;4.934745395E1;6.466755764E-1
7.850000000E0;-7.606794540E0;3.095012359E0;4.811141624E1;5.127201653E-1
7.860000000E0;-7.131138588E0;3.096461357E0;4.766724342E1;7.416245473E-1
7.870000000E0;-6.653449671E0;3.109844850E0;4.822341844E1;1.594493034E0
7.880000000E0;-6.166670220E0;3.128351218E0;4.747294126E1;9.686169621E-1
7.890000000E0;-5.703990846E0;3.129217189E0;4.703649398E1;5.847626902E-1
7.900000000E0;-5.225940340E0;3.140046472E0;4.740366707E1;1.233810389E0
7.910000000E0;-4.755917505E0;3.153893397E0;4.687604442E1;8.890262335E-1
7.920000000E0;-4.288419452E0;3.157826997E0;4.723300689E1;8.731976356E-1
7.930000000E0;-3.811257367E0;3.171357350E0;4.577551519E1;7.948875549E-1
7.940000000E0;-3.372909148E0;3.173724748E0;4.557089748E1;8.082944549E-1
7.950000000E0;-2.899839417E0;3.187523239E0;4.589853141E1;8.332042995E-1
7.960000000E0;-2.454938520E0;3.190388834E0;4.516734736E1;4.723333859E-1
7.970000000E0;-1.996492470E0;3.196969907E0;4.489919426E1;1.182683918E-2
7.980000000E0;-1.556954634E0;3.190625370E0;4.496509779E1;7.683897123E-1
7.990000000E0;-1.097190514E0;3.212337701E0;4.463164241E1;2.737019033E0
8.000000000E0;-6.643217861E-1;3.245365751E0;4.416930665E1;6.614758369E0
8.010000000E0;-2.138043813E-1;3.344632868E0;4.375330741E1;5.996744927E0
8.020000000E0;2.107443621E-1;3.365300650E0;4.619679817E1;-2.899074766E0
8.030000000E0;7.101315820E-1;3.286651373E0;4.762042710E1;-6.835051657E0
8.040000000E0;1.163152904E0;3.228599616E0;4.644420601E1;-5.000089798E0
8.050000000E0;1.639015702E0;3.186649577E0;4.621510104E1;-4.001759340E0
8.060000000E0;2.087454925E0;3.148564430E0;4.582195352E1;-3.296476699E0
8.070000000E0;2.555454773E0;3.120720043E0;4.623184066E1;-1.846959210E0
8.080000000E0;3.012091738E0;3.111625245E0;4.578422743E1;-6.095332347E-1
8.090000000E0;3.471139321E0;3.108529378E0;4.564025440E1;2.668323873E-1
8.100000000E0;3.924896826E0;3.116961893E0;4.515291321E1;9.421088897E-1
8.110000000E0;4.374197585E0;3.127371556E0;4.444909095E1;4.831630837E-1
8.120000000E0;4.813878645E0;3.126625155E0;4.490873498E1;1.111545319E0
8.130000000E0;5.272372285E0;3.149602463E0;4.499518195E1;1.745208113E0
8.140000000E0;5.713782284E0;3.161529317E0;4.532057620E1;9.208980309E-1
8.150000000E0;6.178783809E0;3.168020423E0;4.489633095E1;2.309027070E-1
8.160000000E0;6.611708903E0;3.166147371E0;4.495662413E1;9.172135467E-1
8.170000000E0;7.077916292E0;3.186364694E0;4.519723022E1;1.318293096E0
8.180000000E0;7.515653507E0;3.192513233E0;4.498384793E1;7.293541347E-1
8.190000000E0;7.977593250E0;3.200951777E0;4.511252738E1;1.199479768E0
8.200000000E0;8.417904055E0;3.216502829E0;4.493341808E1;1.081566080E0
8.210000000E0;8.876261612E0;3.222583098E0;4.512907214E1;9.327795460E-1
8.220000000E0;9.320485498E0;3.235158419E0;4.526696482E1;7.211671414E-1
8.230000000E0;9.781600908E0;3.237006441E0;4.554392312E1;2.224219914E-1
8.240000000E0;1.023136396E1;3.239606859E0;4.549340148E1;7.214960302E-1
8.250000000E0;1.069146894E1;3.251436362E0;4.522100146E1;1.019089723E0
8.260000000E0;1.113578399E1;3.259988654E0;4.341002850E1;6.365652202E-1
8.270000000E0;1.155966951E1;3.264167666E0;4.402968024E1;4.727815718E-1
8.280000000E0;1.201637759E1;3.269444285E0;4.437372552E1;1.254858728E0
8.290000000E0;1.244714402E1;3.289264841E0;4.419994016E1;1.296979577E0
8.300000000E0;1.290037640E1;3.295383877E0;4.498988027E1;1.159698818E0
8.310000000E0;1.334694162E1;3.312458817E0;4.494408642E1;1.043169805E0
8.320000000E0;1.379925813E1;3.316247273E0;4.498075703E1;7.853335556E-1
8.330000000E0;1.424655676E1;3.328165488E0;4.399265180E1;8.196556288E-1
8.340000000E0;1.467911116E1;3.332640385E0;4.420646084E1;7.835616581E-1
8.350000000E0;1.513068598E1;3.343836721E0;4.352059492E1;7.345740641E-1
8.360000000E0;1.554952306E1;3.347331867E0;4.211493077E1;6.110977317E-1
8.370000000E0;1.597298460E1;3.356058676E0;4.257722082E1;1.119377515E0
8.380000000E0;1.640106748E1;3.369719417E0;4.320016545E1;1.028223621E0
8.390000000E0;1.683698791E1;3.376623149E0;4.159714584E1;2.403445763E-1
8.400000000E0;1.723301039E1;3.374526309E0;4.033414373E1;4.621003186E-1
8.410000000E0;1.764367078E1;3.385865155E0;4.075209304E1;1.281153892E0
8.420000000E0;1.804805225E1;3.400149386E0;3.973000666E1;1.388413055E0
8.430000000E0;1.843827091E1;3.413633416E0;3.856408047E1;1.183361610E0
8.440000000E0;1.881933386E1;3.423816619E0;3.841570442E1;1.133842709E0
8.450000000E0;1.920658500E1;3.436310270E0;4.009293569E1;1.425358825E0
8.460000000E0;1.962119258E1;3.452323795E0;4.057458913E1;1.169486156E0
8.470000000E0;2.001807678E1;3.459699993E0;3.980090857E1;-1.769370227E0
8.480000000E0;2.041721075E1;3.416936391E0;4.100055456E1;-1.738984405E0
8.490000000E0;2.083808788E1;3.424920305E0;4.166487783E1;1.012487532E0
8.500000000E0;2.125050831E1;3.437186141E0;4.072490092E1;9.091627310E-1
8.510000000E0;2.165258589E1;3.443103560E0;4.063794487E1;5.686045056E-1
8.520000000E0;2.206326720E1;3.448558231E0;4.064078343E1;1.176447099E0
8.530000000E0;2.246540156E1;3.466632502E0;3.829254935E1;1.844948464E0
8.540000000E0;2.282911819E1;3.485457201E0;3.739764251E1;1.842859788E0
8.550000000E0;2.321335441E1;3.503489698E0;3.796593433E1;1.683355214E0
8.560000000E0;2.358843688E1;3.519124305E0;3.758203812E1;1.469281615E0
8.570000000E0;2.396499517E1;3.532875330E0;3.777027236E1;1.817018847E0
8.580000000E0;2.434384232E1;3.555464682E0;3.655150366E1;2.536426997E0
8.590000000E0;2.469602525E1;3.583603870E0;3.538739402E1;4.215688691E0
8.600000000E0;2.505159020E1;3.639778456E0;3.561761945E1;3.801427082E0
8.610000000E0;2.540837764E1;3.659632411E0;3.560551661E1;1.961058241E0
8.620000000E0;2.576370054E1;3.678999620E0;3.361421551E1;3.204966424E0
8.630000000E0;2.608066195E1;3.723731740E0;3.277172421E1;3.246363699E0
8.640000000E0;2.641913502E1;3.743926894E0;3.218280940E1;3.711175859E0
8.650000000E0;2.672431814E1;3.797955257E0;3.235856002E1;3.732251366E0
8.660000000E0;2.706630622E1;3.818571922E0;3.188389053E1;2.166644404E0
8.670000000E0;2.736199595E1;3.841288145E0;2.966435238E1;3.023599586E0
8.680000000E0;2.765959327E1;3.879043913E0;2.917928516E1;3.325948381E0
8.690000000E0;2.794558165E1;3.907807113E0;2.942208734E1;3.895761880E0
8.700000000E0;2.824803501E1;3.956959151E0;2.870609541E1;3.639625596E0
8.710000000E0;2.851970356E1;3.980599625E0;2.654084360E1;2.967015805E0
8.720000000E0;2.877885189E1;4.016299467E0;2.584744340E1;4.449914916E0
8.730000000E0;2.903665243E1;4.069597923E0;2.572650886E1;4.502211100E0
8.740000000E0;2.929338206E1;4.106343689E0;2.525620769E1;2.701681591E0
8.750000000E0;2.954177658E1;4.123631555E0;2.450095373E1;2.047342164E0
8.760000000E0;2.978340114E1;4.147290532E0;2.190868288E1;4.092247260E0
8.770000000E0;2.997995024E1;4.205476500E0;2.053908446E1;5.075198136E0
8.780000000E0;3.019418283E1;4.248794495E0;2.007053559E1;3.898254657E0
8.790000000E0;3.038136095E1;4.283441593E0;1.928524133E1;3.076714314E0
8.800000000E0;3.057988765E1;4.310328781E0;1.851544195E1;3.442889472E0
8.810000000E0;3.075166979E1;4.352299383E0;1.873118543E1;3.434483600E0
8.820000000E0;3.095451136E1;4.379018453E0;1.836862956E1;2.266222507E0
8.830000000E0;3.111904238E1;4.397623833E0;1.708720704E1;1.751693806E0
8.840000000E0;3.129625550E1;4.414052330E0;1.761055550E1;1.276382140E0
8.850000000E0;3.147125349E1;4.423151476E0;1.627716464E1;1.585073534E0
8.860000000E0;3.162179880E1;4.445753800E0;1.463184631E1;1.727348603E0
8.870000000E0;3.176389042E1;4.457698448E0;1.358402067E1;1.473535218E0
8.880000000E0;3.189347921E1;4.475224505E0;1.262432410E1;1.583789007E0
8.890000000E0;3.201637690E1;4.489374228E0;1.213247556E1;2.756026616E0
8.900000000E0;3.213612872E1;4.530345037E0;1.186800743E1;2.673651424E0
8.910000000E0;3.225373705E1;4.542847256E0;1.064782714E1;1.167891442E0
8.920000000E0;3.234908526E1;4.553702866E0;8.750006818E0;1.067427254E0
8.930000000E0;3.242873718E1;4.564195801E0;8.490292034E0;6.165790645E-1
8.940000000E0;3.251889110E1;4.566034447E0;6.329865068E0;6.748080806E-1
8.950000000E0;3.255533448E1;4.577691963E0;5.556500055E0;3.139367946E-1
8.960000000E0;3.263002111E1;4.572313183E0;5.519299514E0;-3.341913929E-1
8.970000000E0;3.266572047E1;4.571008135E0;2.490150114E0;1.304774627E-1
8.980000000E0;3.267982411E1;4.574922732E0;9.909655787E-1;8.339794851E-2
8.990000000E0;3.268553979E1;4.572676094E0;4.970386740E-1;-1.667914051E-1
9.000000000E0;3.268976488E1;4.571586904E0;-2.916890359E-1;-2.474081806E-1
9.010000000E0;3.267970600E1;4.567727930E0;-8.632768836E-1;-3.263247144E-1
9.020000000E0;3.267249934E1;4.565060410E0;-8.422941546E-1;-3.562127198E-1
9.030000000E0;3.266286012E1;4.560603676E0;-7.785964495E-1;-3.160530751E-1
9.040000000E0;3.265692742E1;4.558739348E0;-1.131682811E0;-3.013702384E-1
9.050000000E0;3.264022647E1;4.554576271E0;-3.211369275E0;-3.257363980E-1
9.060000000E0;3.259270003E1;4.552224620E0;-5.365000531E0;-5.611955733E-1
9.070000000E0;3.253292645E1;4.543352360E0;-6.248331134E0;-8.348097275E-1
9.080000000E0;3.246773341E1;4.535528426E0;-6.821711422E0;-3.269381916E-1
9.090000000E0;3.239649223E1;4.536813596E0;-8.748142421E0;-6.119094143E-1
9.100000000E0;3.229277056E1;4.523290237E0;-9.943946454E0;-8.528994153E-1
9.110000000E0;3.219761330E1;4.519755608E0;-9.488957825E0;-1.086470597E0
9.120000000E0;3.210299140E1;4.501560826E0;-1.014379512E1;-1.155984814E0
9.130000000E0;3.199473739E1;4.496635911E0;-1.108518593E1;-1.790310270E0
9.140000000E0;3.188128768E1;4.465754620E0;-1.216842067E1;-3.700766407E0
9.150000000E0;3.175136898E1;4.422620583E0;-1.335247452E1;-3.128226169E0
9.160000000E0;3.161423819E1;4.403190097E0;-1.427030249E1;-2.014626979E0
9.170000000E0;3.146596293E1;4.382328044E0;-1.627224447E1;-1.822950430E0
9.180000000E0;3.128879330E1;4.366731088E0;-1.776133390E1;-2.093298914E0
9.190000000E0;3.111073625E1;4.340462065E0;-1.730473754E1;-2.278878904E0
9.200000000E0;3.094269855E1;4.321153510E0;-1.867557215E1;-3.283975753E0
9.210000000E0;3.073722481E1;4.274782550E0;-1.895385467E1;-3.366072273E0
9.220000000E0;3.056362146E1;4.253832065E0;-1.922025189E1;-2.181822468E0
9.230000000E0;3.035281977E1;4.231146101E0;-2.079149980E1;-2.742218424E0
9.240000000E0;3.014779146E1;4.198987696E0;-2.054809836E1;-3.510111551E0
9.250000000E0;2.994185781E1;4.160943870E0;-2.249651183E1;-4.021415245E0
9.260000000E0;2.969786123E1;4.118559391E0;-2.415233108E1;-3.159214824E0
9.270000000E0;2.945881118E1;4.097759573E0;-2.484035807E1;-2.205005796E0
9.280000000E0;2.920105407E1;4.074459275E0;-2.612868553E1;-3.324273412E0
9.290000000E0;2.893623747E1;4.031274105E0;-2.683767833E1;-4.808713473E0
9.300000000E0;2.866430050E1;3.978285006E0;-2.686115107E1;-3.621781828E0
9.310000000E0;2.839901445E1;3.958838469E0;-2.658353621E1;-2.226905026E0
9.320000000E0;2.813262977E1;3.933746905E0;-2.686224047E1;-2.104127205E0
9.330000000E0;2.786176964E1;3.916755925E0;-2.721775149E1;-3.491390037E0
9.340000000E0;2.758827474E1;3.863919105E0;-2.830109452E1;-4.653221634E0
9.350000000E0;2.729574775E1;3.823691492E0;-2.993212192E1;-3.046985074E0
9.360000000E0;2.698963231E1;3.802979403E0;-3.019597778E1;-1.842996577E0
9.370000000E0;2.669182820E1;3.786831560E0;-3.102980857E1;-2.212230964E0
9.380000000E0;2.636903614E1;3.758734784E0;-3.204310428E1;-3.384274917E0
9.390000000E0;2.605096611E1;3.719146062E0;-3.133103533E1;-4.133984673E0
9.400000000E0;2.574241543E1;3.676055090E0;-3.196895273E1;-3.394297867E0
9.410000000E0;2.541158706E1;3.651260105E0;-3.385120098E1;-2.174599762E0
9.420000000E0;2.506539141E1;3.632563095E0;-3.352423792E1;-1.643748535E0
9.430000000E0;2.474110230E1;3.618385134E0;-3.405990169E1;-1.677710351E0
9.440000000E0;2.438419338E1;3.599008888E0;-3.539354811E1;-2.645709345E0
9.450000000E0;2.403323134E1;3.565470947E0;-3.434911847E1;-4.432273464E0
9.460000000E0;2.369721101E1;3.510363419E0;-3.491959791E1;-3.610848496E0
9.470000000E0;2.333483938E1;3.493253977E0;-3.685447628E1;-1.418070630E0
9.480000000E0;2.296012148E1;3.482002006E0;-3.687536655E1;-9.800747263E-1
9.490000000E0;2.259733205E1;3.473652483E0;-3.653927376E1;-9.002777458E-1
9.500000000E0;2.222933600E1;3.463996451E0;-3.681941092E1;-9.923247567E-1
9.510000000E0;2.186094383E1;3.453805988E0;-3.675309746E1;-7.416513398E-1
9.520000000E0;2.149427406E1;3.449163425E0;-3.631900495E1;-5.757073917E-1
9.530000000E0;2.113456373E1;3.442291840E0;-3.589549326E1;-7.634827678E-1
9.540000000E0;2.077636419E1;3.433893769E0;-3.685077118E1;-1.790512301E-1
9.550000000E0;2.039754831E1;3.438710815E0;-3.792224427E1;6.425747352E-1
9.560000000E0;2.001791930E1;3.446745264E0;-3.736672960E1;-4.034525734E-1
9.570000000E0;1.965021371E1;3.430641764E0;-3.683980274E1;-1.338175743E0
9.580000000E0;1.928112325E1;3.419981749E0;-3.627505219E1;-2.032723767E0
9.590000000E0;1.892471267E1;3.389987288E0;-3.660976921E1;-2.595656310E0
9.600000000E0;1.854892787E1;3.368068623E0;-3.681707998E1;-1.927846138E0
9.610000000E0;1.818837107E1;3.351430366E0;-3.754383536E1;-1.193181091E0
9.620000000E0;1.779805116E1;3.344205001E0;-3.982691123E1;-7.652141593E-1
9.630000000E0;1.739183285E1;3.336126082E0;-3.899767305E1;-1.801705055E-1
9.640000000E0;1.701809770E1;3.340601591E0;-3.839593768E1;-2.524668076E-2
9.650000000E0;1.662391409E1;3.335621149E0;-3.900993973E1;-5.592619893E-2
9.660000000E0;1.623789890E1;3.339483067E0;-3.914731288E1;-3.055683778E-1
9.670000000E0;1.584096784E1;3.329509781E0;-4.008673251E1;-7.655872152E-1
9.680000000E0;1.543616425E1;3.324171323E0;-4.001041124E1;-8.691250698E-2
9.690000000E0;1.504075961E1;3.327771531E0;-3.967173227E1;2.487306007E-1
9.700000000E0;1.464272961E1;3.329145935E0;-3.940904931E1;-2.032031027E-2
9.710000000E0;1.425257862E1;3.327365125E0;-3.939710973E1;-4.428925404E-1
9.720000000E0;1.385478741E1;3.320288084E0;-3.956661822E1;-4.360356948E-1
9.730000000E0;1.346124626E1;3.318644411E0;-3.910207559E1;-2.896068961E-1
9.740000000E0;1.307274590E1;3.314495946E0;-3.889624087E1;-4.286661547E-1
9.750000000E0;1.268332144E1;3.310071088E0;-3.880102501E1;-4.797006152E-1
9.760000000E0;1.229672540E1;3.304901934E0;-3.888449019E1;-5.369079030E-1
9.770000000E0;1.190563164E1;3.299332930E0;-3.892496283E1;-4.980068441E-1
9.780000000E0;1.151822614E1;3.294941797E0;-3.872444383E1;-3.806564876E-1
9.790000000E0;1.113114276E1;3.291719800E0;-3.894724209E1;-3.096271983E-1
9.800000000E0;1.073928130E1;3.288749253E0;-3.905404750E1;-5.231146273E-1
9.810000000E0;1.035006181E1;3.281257507E0;-3.900828554E1;-1.888767815E-1
9.820000000E0;9.959115592E0;3.284971717E0;-3.901073514E1;-9.149749455E-2
9.830000000E0;9.569847109E0;3.279427558E0;-3.879887027E1;-3.952907009E-1
9.840000000E0;9.183138186E0;3.277065903E0;-3.887566792E1;-4.063886856E-1
9.850000000E0;8.792333751E0;3.271299784E0;-3.883025952E1;-4.662306718E-1
9.860000000E0;8.406532996E0;3.267741290E0;-3.893888617E1;-6.387697657E-1
9.870000000E0;8.013556027E0;3.258524389E0;-3.896432112E1;-6.480770680E-1
9.880000000E0;7.627246574E0;3.254779748E0;-3.880734417E1;-6.189954356E-1
9.890000000E0;7.237409144E0;3.246144480E0;-3.884453665E1;-1.380569891E-1
9.900000000E0;6.850355840E0;3.252018609E0;-3.868891090E1;-4.101395678E-1
9.910000000E0;6.463630926E0;3.237941688E0;-3.870495557E1;-8.658326539E-1
9.920000000E0;6.076256729E0;3.234701955E0;-3.879561038E1;-5.643595527E-1
9.930000000E0;5.687718719E0;3.226654497E0;-3.862278013E1;-5.515492930E-2
9.940000000E0;5.303801127E0;3.233598857E0;-3.813479055E1;-5.300858373E-1
9.950000000E0;4.925022908E0;3.216052781E0;-3.823530580E1;-1.083910654E0
9.960000000E0;4.539095011E0;3.211920644E0;-3.864010476E1;-5.092116741E-1
9.970000000E0;4.152220812E0;3.205868547E0;-3.795135010E1;-8.018875512E-1
9.980000000E0;3.780068009E0;3.195882893E0;-3.798963095E1;-3.928159632E-1
9.990000000E0;3.392428193E0;3.198012228E0;-3.864878943E1;5.480787989E-2
1.000000000E1;3.007092220E0;3.196979050E0;-3.828445031E1;-5.839149672E-1
1.001000000E1;2.626739187E0;3.186333929E0;-3.770724785E1;-1.206993390E0
1.002000000E1;2.252947263E0;3.172839183E0;-3.648689555E1;-9.488901555E-1
1.003000000E1;1.897001276E0;3.167356126E0;-3.598599789E1;-1.127948563E0
1.004000000E1;1.533227305E0;3.150280211E0;-3.664047649E1;4.087507512E-1
1.005000000E1;1.164191746E0;3.175531141E0;-3.778265173E1;4.752431662E0
1.006000000E1;7.775742706E-1;3.245328844E0;-3.934240052E1;6.848846924E0
1.007000000E1;3.773437360E-1;3.312508079E0;-3.799299262E1;5.720875472E0
1.008000000E1;1.771441826E-2;3.359746354E0;-3.545586448E1;1.687015009E0
1.009000000E1;-3.317735535E-1;3.346248379E0;-3.458084987E1;-2.561402264E0
1.010000000E1;-6.739025791E-1;3.308518309E0;-3.612251514E1;-4.639743853E0
1.011000000E1;-1.054223856E0;3.253453502E0;-3.727030461E1;-4.703804731E0
1.012000000E1;-1.419308671E0;3.214442214E0;-3.622640283E1;-2.103637866E0
1.013000000E1;-1.778751913E0;3.211380745E0;-3.492119937E1;-4.248532886E-1
1.014000000E1;-2.117732659E0;3.205945148E0;-3.571993460E1;-1.010427229E0
1.015000000E1;-2.493150605E0;3.191172200E0;-3.701790036E1;-1.192473838E0
1.016000000E1;-2.858090666E0;3.182095672E0;-3.737873257E1;-9.030242473E-1
1.017000000E1;-3.240725256E0;3.173111715E0;-3.875891353E1;-6.027528944E-1
1.018000000E1;-3.633268937E0;3.170040614E0;-3.869555814E1;-2.886549572E-1
1.019000000E1;-4.014636419E0;3.167338616E0;-3.719069765E1;-2.447052215E-1
1.020000000E1;-4.377082889E0;3.165146509E0;-3.559111188E1;-1.875913429E-1
1.021000000E1;-4.726458657E0;3.163586789E0;-3.604906913E1;-6.330990244E-1
1.022000000E1;-5.098064272E0;3.152484529E0;-3.758793048E1;-9.153514291E-1
1.023000000E1;-5.478217266E0;3.145279761E0;-3.821970971E1;-3.928727033E-1
1.024000000E1;-5.862458466E0;3.144627075E0;-3.781251804E1;-2.409370268E-1
1.025000000E1;-6.234467627E0;3.140461020E0;-3.781712734E1;-4.409156440E-1
1.026000000E1;-6.618801013E0;3.135808762E0;-3.799115974E1;1.122947261E-1
1.027000000E1;-6.994290822E0;3.142706915E0;-3.775512292E1;3.869476143E-1
1.028000000E1;-7.373903471E0;3.143547714E0;-3.669889558E1;-2.916724222E-1
1.029000000E1;-7.728268733E0;3.136873466E0;-3.578869852E1;-1.071184269E0
1.030000000E1;-8.089677442E0;3.122124029E0;-3.690701257E1;-1.674795034E0
1.031000000E1;-8.466408985E0;3.103377566E0;-3.766840151E1;-1.317306532E0
1.032000000E1;-8.843045472E0;3.095777898E0;-3.796425201E1;-7.808012020E-1
1.033000000E1;-9.225694025E0;3.087761542E0;-3.754028245E1;-7.102575277E-1
1.034000000E1;-9.593851121E0;3.081572747E0;-3.687222609E1;-7.885692878E-1
1.035000000E1;-9.963138547E0;3.071990156E0;-3.700891361E1;-9.754137914E-1
1.036000000E1;-1.033402939E1;3.062064472E0;-3.636836330E1;-6.689835046E-1
1.037000000E1;-1.069050581E1;3.058610486E0;-3.654350599E1;-3.059319016E-1
1.038000000E1;-1.106489951E1;3.055945834E0;-3.761713751E1;-3.576404930E-1
1.039000000E1;-1.144284856E1;3.051457676E0;-3.815108709E1;-4.118065685E-1
1.040000000E1;-1.182792125E1;3.047709702E0;-3.789852677E1;-4.248017037E-1
1.041000000E1;-1.220081910E1;3.042961642E0;-3.698561268E1;-4.795175667E-1
1.042000000E1;-1.256763351E1;3.038119351E0;-3.613335071E1;-4.429887330E-1
1.043000000E1;-1.292348611E1;3.034101867E0;-3.626986412E1;-2.075204286E-1
1.044000000E1;-1.329303079E1;3.033968942E0;-3.708738125E1;-4.473219302E-1
1.045000000E1;-1.366523374E1;3.025155428E0;-3.747308967E1;-7.964513332E-1
1.046000000E1;-1.404249258E1;3.018039916E0;-3.783683865E1;-4.010782221E-1
1.047000000E1;-1.442197051E1;3.017133864E0;-3.764957637E1;6.677617904E-2
1.048000000E1;-1.479548411E1;3.019375439E0;-3.749213638E1;9.062511159E-2
1.049000000E1;-1.517181324E1;3.018946366E0;-3.706510830E1;-5.627560473E-1
1.050000000E1;-1.553678628E1;3.008120318E0;-3.560700516E1;-8.650607011E-1
1.051000000E1;-1.588395334E1;3.001645152E0;-3.595284242E1;-4.879996468E-1
1.052000000E1;-1.625584313E1;2.998360325E0;-3.745218703E1;-3.632121467E-1
1.053000000E1;-1.663299708E1;2.994380909E0;-3.740183648E1;6.877866362E-1
1.054000000E1;-1.700387986E1;3.012116058E0;-3.630644342E1;1.492106031E-2
1.055000000E1;-1.735912595E1;2.994679331E0;-3.485251241E1;-3.746999461E-1
1.056000000E1;-1.770093010E1;3.004622059E0;-3.487378558E1;3.665357481E0
1.057000000E1;-1.805660166E1;3.067986480E0;-3.506690079E1;9.056668513E0
1.058000000E1;-1.840226812E1;3.185755429E0;-3.657758634E1;9.427809844E0
1.059000000E1;-1.878815339E1;3.256542677E0;-3.629833557E1;1.226301257E1
1.060000000E1;-1.912823483E1;3.431015681E0;-3.330832972E1;1.048999982E1
1.061000000E1;-1.945431998E1;3.466342673E0;-3.348169564E1;9.897851897E-1
1.062000000E1;-1.979786874E1;3.450811385E0;-3.354515581E1;-2.881612769E0
1.063000000E1;-2.012522310E1;3.408710418E0;-3.264060504E1;-3.260240676E0
1.064000000E1;-2.045068084E1;3.385606571E0;-3.291253127E1;-2.001328166E0
1.065000000E1;-2.078347372E1;3.368683855E0;-3.236495395E1;4.293513826E-1
1.066000000E1;-2.109797992E1;3.394193599E0;-3.228980518E1;8.793037058E-1
1.067000000E1;-2.142926983E1;3.386269929E0;-3.235534330E1;4.294959792E-1
1.068000000E1;-2.174508679E1;3.402783518E0;-3.204238462E1;4.453213751E-1
1.069000000E1;-2.207011752E1;3.395176356E0;-3.155311086E1;5.677928834E-2
1.070000000E1;-2.237614901E1;3.403919104E0;-3.020368375E1;1.167291941E0
1.071000000E1;-2.267419120E1;3.418522195E0;-3.017069422E1;5.012728002E-1
1.072000000E1;-2.297956289E1;3.413944560E0;-3.037379454E1;7.304567514E-1
1.073000000E1;-2.328166709E1;3.433131330E0;-2.855338097E1;1.941713005E0
1.074000000E1;-2.355063051E1;3.452778820E0;-2.722418594E1;2.926664255E0
1.075000000E1;-2.382615081E1;3.491664615E0;-2.812926200E1;2.959328836E0
1.076000000E1;-2.411321575E1;3.511965397E0;-2.659490223E1;1.680514796E0
1.077000000E1;-2.435804885E1;3.525274911E0;-2.549064507E1;2.074732793E0
1.078000000E1;-2.462302865E1;3.553460053E0;-2.596840152E1;3.492218237E0
1.079000000E1;-2.487741688E1;3.595119276E0;-2.530789654E1;2.970956976E0
1.080000000E1;-2.512918658E1;3.612879192E0;-2.495068166E1;1.672891903E0
1.081000000E1;-2.537643051E1;3.628577114E0;-2.467724333E1;2.559767368E0
1.082000000E1;-2.562273145E1;3.664074540E0;-2.495704779E1;4.169366106E0
1.083000000E1;-2.587557147E1;3.711964436E0;-2.533583457E1;3.077642892E0
1.084000000E1;-2.612944814E1;3.725627398E0;-2.498097732E1;1.802292353E0
1.085000000E1;-2.637519102E1;3.748010283E0;-2.381849971E1;3.017311480E0
1.086000000E1;-2.660581813E1;3.785973627E0;-2.236750901E1;3.922685981E0
1.087000000E1;-2.682254120E1;3.826464003E0;-2.197024180E1;2.587842209E0
1.088000000E1;-2.704522297E1;3.837730471E0;-2.119253727E1;2.129147299E0
1.089000000E1;-2.724639194E1;3.869046949E0;-2.024915951E1;3.295489321E0
1.090000000E1;-2.745020616E1;3.903640258E0;-2.136843696E1;3.629405304E0
1.091000000E1;-2.767376068E1;3.941635055E0;-1.969867623E1;1.937158068E0
1.092000000E1;-2.784417969E1;3.942383419E0;-1.894334270E1;4.486613284E-1
1.093000000E1;-2.805262753E1;3.950608281E0;-1.898649183E1;5.068945824E-1
1.094000000E1;-2.822390952E1;3.952521311E0;-1.836154317E1;1.138919890E0
1.095000000E1;-2.841985840E1;3.973386679E0;-1.900549248E1;1.265661593E0
1.096000000E1;-2.860401937E1;3.977834543E0;-1.697530049E1;9.486560596E-1
1.097000000E1;-2.875936441E1;3.992359800E0;-1.532606369E1;1.832614066E0
1.098000000E1;-2.891054065E1;4.014486824E0;-1.489026901E1;2.505918126E0
1.099000000E1;-2.905716979E1;4.042478163E0;-1.352489705E1;1.818196215E0
1.100000000E1;-2.918103859E1;4.050850748E0;-1.224488287E1;9.784478140E-1
1.101000000E1;-2.930206745E1;4.062047119E0;-1.178367262E1;8.086227144E-1
1.102000000E1;-2.941671204E1;4.067023202E0;-1.154794873E1;6.102081494E-1
1.103000000E1;-2.953302642E1;4.074251282E0;-1.177501688E1;3.412497812E-1
1.104000000E1;-2.965221238E1;4.073848198E0;-1.172085625E1;4.996467643E-1
1.105000000E1;-2.976744355E1;4.084244217E0;-1.126499376E1;1.772552957E-1
1.106000000E1;-2.987751225E1;4.077393304E0;-8.759563993E0;7.906888273E-2
1.107000000E1;-2.994263482E1;4.085825595E0;-7.901464545E0;-1.382057383E-1
1.108000000E1;-3.003554154E1;4.074629189E0;-8.375525860E0;-1.567119205E-1
1.109000000E1;-3.011014534E1;4.082691357E0;-6.938049271E0;5.773197889E-2
1.110000000E1;-3.017430253E1;4.075783829E0;-6.217169657E0;-2.518350153E-1
1.111000000E1;-3.023448874E1;4.077654656E0;-5.975497523E0;-3.448409140E-1
1.112000000E1;-3.029381248E1;4.068887011E0;-3.904320738E0;-5.859841877E-1
1.113000000E1;-3.031257515E1;4.065934973E0;-2.151896726E0;-2.367933592E-1
1.114000000E1;-3.033685041E1;4.064151143E0;-1.830516429E0;-7.828926652E-2
1.115000000E1;-3.034918548E1;4.064369187E0;-2.427925429E-1;-2.352667305E-2
1.116000000E1;-3.034170626E1;4.063680610E0;1.157972676E0;-3.846121395E-1
1.117000000E1;-3.032602603E1;4.056676945E0;1.444089986E0;-6.428523056E-1
1.118000000E1;-3.031282446E1;4.050823564E0;1.288834261E0;-5.214022075E-1
1.119000000E1;-3.030024934E1;4.046248900E0;1.078523093E0;-3.701010030E-1
1.120000000E1;-3.029125400E1;4.043421544E0;1.262650527E0;-1.689170366E-1
1.121000000E1;-3.027499633E1;4.042870560E0;3.539717776E0;1.567769418E-1
1.122000000E1;-3.022045965E1;4.046557083E0;5.502841900E0;-2.661441350E-1
1.123000000E1;-3.016493949E1;4.037547677E0;5.989579373E0;-2.839029190E-1
1.124000000E1;-3.010066806E1;4.040879024E0;6.576316007E0;-6.134859661E-2
1.125000000E1;-3.003341317E1;4.036320705E0;8.071018974E0;-3.337683572E-1
1.126000000E1;-2.993924768E1;4.034203657E0;7.800531618E0;-3.902491785E-1
1.127000000E1;-2.987740254E1;4.028515721E0;8.118656873E0;-4.053891813E-1
1.128000000E1;-2.977687454E1;4.026095873E0;1.054752577E1;-3.285583985E-1
1.129000000E1;-2.966645202E1;4.021944553E0;1.155898437E1;-4.343075292E-1
1.130000000E1;-2.954569486E1;4.017409723E0;1.215615337E1;-2.202845864E-1
1.131000000E1;-2.942332896E1;4.017538862E0;1.302110206E1;-5.929425389E-1
1.132000000E1;-2.928527281E1;4.005550872E0;1.360583475E1;-1.310065006E0
1.133000000E1;-2.915121226E1;3.991337562E0;1.368507979E1;-1.491110481E0
1.134000000E1;-2.901157122E1;3.975728662E0;1.417268412E1;-2.487265766E0
1.135000000E1;-2.886775858E1;3.941592246E0;1.425287668E1;-2.449333030E0
1.136000000E1;-2.872651368E1;3.926742002E0;1.478077790E1;-1.257784483E0
1.137000000E1;-2.857214302E1;3.916436557E0;1.676484739E1;-7.095628822E-1
1.138000000E1;-2.839121674E1;3.912550744E0;1.773939925E1;-1.155694275E0
1.139000000E1;-2.821735504E1;3.893322671E0;1.648727880E1;-2.507307366E0
1.140000000E1;-2.806147116E1;3.862404597E0;1.831685122E1;-3.184299640E0
1.141000000E1;-2.785101801E1;3.829636678E0;1.910525820E1;-2.403039823E0
1.142000000E1;-2.767936600E1;3.814343800E0;1.971963863E1;-1.261870231E0
1.143000000E1;-2.745662524E1;3.804399274E0;2.035593946E1;-1.578113018E0
1.144000000E1;-2.727224721E1;3.782781540E0;2.013118315E1;-2.113256392E0
1.145000000E1;-2.705400158E1;3.762134146E0;2.155357976E1;-1.696851890E0
1.146000000E1;-2.684117561E1;3.748844502E0;2.128811681E1;-2.574658488E0
1.147000000E1;-2.662823924E1;3.710640976E0;2.222387785E1;-2.476361432E0
1.148000000E1;-2.639669806E1;3.699317274E0;2.351442919E1;-1.082088691E0
1.149000000E1;-2.615795066E1;3.688999202E0;2.362743105E1;-1.491242947E0
1.150000000E1;-2.592414943E1;3.669492415E0;2.302202994E1;-2.752241527E0
1.151000000E1;-2.569751006E1;3.633954372E0;2.286784345E1;-3.257332808E0
1.152000000E1;-2.546679257E1;3.604345759E0;2.386561524E1;-2.361607527E0
1.153000000E1;-2.522019775E1;3.586722221E0;2.516080605E1;-1.758955791E0
1.154000000E1;-2.496357644E1;3.569166643E0;2.573159973E1;-1.468107137E0
1.155000000E1;-2.470556576E1;3.557360079E0;2.586252349E1;-2.449152320E0
1.156000000E1;-2.444632597E1;3.520183596E0;2.608383091E1;-3.187344806E0
1.157000000E1;-2.418388914E1;3.493613182E0;2.616567713E1;-1.811451108E0
1.158000000E1;-2.392301243E1;3.483954574E0;2.630228994E1;-1.089092139E0
1.159000000E1;-2.365784334E1;3.471831340E0;2.662245685E1;-1.351555554E0
1.160000000E1;-2.339056329E1;3.456923463E0;2.641056004E1;-2.180481627E0
1.161000000E1;-2.312963214E1;3.428221707E0;2.620048822E1;-3.402979771E0
1.162000000E1;-2.286655353E1;3.388863868E0;2.668244720E1;-2.358880902E0
1.163000000E1;-2.259598319E1;3.381044089E0;2.802626425E1;-1.554048409E0
1.164000000E1;-2.230602825E1;3.357782899E0;2.881931261E1;-9.732905075E-1
1.165000000E1;-2.201959694E1;3.361578279E0;2.926368601E1;1.933660263E-1
1.166000000E1;-2.172075453E1;3.361650220E0;2.913522663E1;-1.066606728E0
1.167000000E1;-2.143689241E1;3.340246144E0;2.783370919E1;-1.217232706E0
1.168000000E1;-2.116408034E1;3.337305566E0;2.900502551E1;-1.157569310E0
1.169000000E1;-2.085679190E1;3.317094758E0;3.030197131E1;-1.850025068E0
1.170000000E1;-2.055804092E1;3.300305065E0;2.870335640E1;-1.013104147E-1
1.171000000E1;-2.028272477E1;3.315068550E0;3.066458158E1;5.700064368E0
1.172000000E1;-1.994474928E1;3.414306352E0;3.218364133E1;7.071267441E0
1.173000000E1;-1.963905195E1;3.456493899E0;3.016942363E1;2.507051849E0
1.174000000E1;-1.934136081E1;3.464447389E0;2.829111855E1;9.397680462E-2
1.175000000E1;-1.907322957E1;3.458373435E0;2.887834598E1;-3.314795755E0
1.176000000E1;-1.876379389E1;3.398151474E0;3.260869914E1;-5.452714363E0
1.177000000E1;-1.842105559E1;3.349319147E0;3.358585088E1;-8.420787243E0
1.178000000E1;-1.809207687E1;3.229735729E0;3.196145521E1;-7.848548505E0
